timestamp,value,label,anomaly_type,usl,lsl,nominal
2026-01-01 08:00:00,0.0065,normal,,0.1,-0.1,0.0
2026-01-01 08:01:00,-0.0078,normal,,0.1,-0.1,0.0
2026-01-01 08:02:00,-0.0187,normal,,0.1,-0.1,0.0
2026-01-01 08:03:00,0.0132,normal,,0.1,-0.1,0.0
2026-01-01 08:04:00,-0.0323,normal,,0.1,-0.1,0.0
2026-01-01 08:05:00,0.0245,normal,,0.1,-0.1,0.0
2026-01-01 08:06:00,-0.023,normal,,0.1,-0.1,0.0
2026-01-01 08:07:00,0.0262,normal,,0.1,-0.1,0.0
2026-01-01 08:08:00,-0.0092,normal,,0.1,-0.1,0.0
2026-01-01 08:09:00,-0.009,normal,,0.1,-0.1,0.0
2026-01-01 08:10:00,0.0182,normal,,0.1,-0.1,0.0
2026-01-01 08:11:00,-0.0198,normal,,0.1,-0.1,0.0
2026-01-01 08:12:00,-0.0265,normal,,0.1,-0.1,0.0
2026-01-01 08:13:00,-0.0129,normal,,0.1,-0.1,0.0
2026-01-01 08:14:00,-0.0029,normal,,0.1,-0.1,0.0
2026-01-01 08:15:00,-0.0041,normal,,0.1,-0.1,0.0
2026-01-01 08:16:00,-0.03,normal,,0.1,-0.1,0.0
2026-01-01 08:17:00,-0.0273,normal,,0.1,-0.1,0.0
2026-01-01 08:18:00,0.0335,normal,,0.1,-0.1,0.0
2026-01-01 08:19:00,0.0176,normal,,0.1,-0.1,0.0
2026-01-01 08:20:00,-0.0087,normal,,0.1,-0.1,0.0
2026-01-01 08:21:00,-0.0232,normal,,0.1,-0.1,0.0
2026-01-01 08:22:00,0.0177,normal,,0.1,-0.1,0.0
2026-01-01 08:23:00,0.0057,normal,,0.1,-0.1,0.0
2026-01-01 08:24:00,-0.0348,normal,,0.1,-0.1,0.0
2026-01-01 08:25:00,-0.0064,normal,,0.1,-0.1,0.0
2026-01-01 08:26:00,-0.028,normal,,0.1,-0.1,0.0
2026-01-01 08:27:00,-0.0204,normal,,0.1,-0.1,0.0
2026-01-01 08:28:00,-0.0176,normal,,0.1,-0.1,0.0
2026-01-01 08:29:00,-0.0165,normal,,0.1,-0.1,0.0
2026-01-01 08:30:00,0.0055,normal,,0.1,-0.1,0.0
2026-01-01 08:31:00,-0.026,normal,,0.1,-0.1,0.0
2026-01-01 08:32:00,-0.0058,normal,,0.1,-0.1,0.0
2026-01-01 08:33:00,-0.0079,normal,,0.1,-0.1,0.0
2026-01-01 08:34:00,0.0254,normal,,0.1,-0.1,0.0
2026-01-01 08:35:00,0.0256,normal,,0.1,-0.1,0.0
2026-01-01 08:36:00,-0.0415,normal,,0.1,-0.1,0.0
2026-01-01 08:37:00,-0.0378,normal,,0.1,-0.1,0.0
2026-01-01 08:38:00,-0.015,normal,,0.1,-0.1,0.0
2026-01-01 08:39:00,-0.023,normal,,0.1,-0.1,0.0
2026-01-01 08:40:00,-0.0159,normal,,0.1,-0.1,0.0
2026-01-01 08:41:00,0.0243,normal,,0.1,-0.1,0.0
2026-01-01 08:42:00,-0.014,normal,,0.1,-0.1,0.0
2026-01-01 08:43:00,-0.0042,normal,,0.1,-0.1,0.0
2026-01-01 08:44:00,-0.0082,normal,,0.1,-0.1,0.0
2026-01-01 08:45:00,0.0024,normal,,0.1,-0.1,0.0
2026-01-01 08:46:00,-0.0493,normal,,0.1,-0.1,0.0
2026-01-01 08:47:00,-0.0276,normal,,0.1,-0.1,0.0
2026-01-01 08:48:00,0.0338,normal,,0.1,-0.1,0.0
2026-01-01 08:49:00,-0.0267,normal,,0.1,-0.1,0.0
2026-01-01 08:50:00,0.0092,normal,,0.1,-0.1,0.0
2026-01-01 08:51:00,-0.0037,normal,,0.1,-0.1,0.0
2026-01-01 08:52:00,-0.0114,normal,,0.1,-0.1,0.0
2026-01-01 08:53:00,0.0106,normal,,0.1,-0.1,0.0
2026-01-01 08:54:00,0.0089,normal,,0.1,-0.1,0.0
2026-01-01 08:55:00,0.0016,normal,,0.1,-0.1,0.0
2026-01-01 08:56:00,0.0148,normal,,0.1,-0.1,0.0
2026-01-01 08:57:00,0.0051,normal,,0.1,-0.1,0.0
2026-01-01 08:58:00,0.0076,normal,,0.1,-0.1,0.0
2026-01-01 08:59:00,-0.0304,normal,,0.1,-0.1,0.0
2026-01-01 09:00:00,0.0066,anomaly,nelson_rule3_trend,0.1,-0.1,0.0
2026-01-01 09:01:00,0.0022,anomaly,nelson_rule3_trend,0.1,-0.1,0.0
2026-01-01 09:02:00,-0.0022,anomaly,nelson_rule3_trend,0.1,-0.1,0.0
2026-01-01 09:03:00,-0.0066,anomaly,nelson_rule3_trend,0.1,-0.1,0.0
2026-01-01 09:04:00,-0.011,anomaly,nelson_rule3_trend,0.1,-0.1,0.0
2026-01-01 09:05:00,-0.0154,anomaly,nelson_rule3_trend,0.1,-0.1,0.0
2026-01-01 09:06:00,0.0004,normal,,0.1,-0.1,0.0
2026-01-01 09:07:00,-0.0251,normal,,0.1,-0.1,0.0
2026-01-01 09:08:00,0.0176,normal,,0.1,-0.1,0.0
2026-01-01 09:09:00,0.0016,normal,,0.1,-0.1,0.0
2026-01-01 09:10:00,0.0092,normal,,0.1,-0.1,0.0
2026-01-01 09:11:00,0.0098,normal,,0.1,-0.1,0.0
2026-01-01 09:12:00,0.0042,normal,,0.1,-0.1,0.0
2026-01-01 09:13:00,-0.0303,normal,,0.1,-0.1,0.0
2026-01-01 09:14:00,0.0087,normal,,0.1,-0.1,0.0
2026-01-01 09:15:00,-0.027,normal,,0.1,-0.1,0.0
2026-01-01 09:16:00,0.0024,normal,,0.1,-0.1,0.0
2026-01-01 09:17:00,0.0541,normal,,0.1,-0.1,0.0
2026-01-01 09:18:00,-0.0098,normal,,0.1,-0.1,0.0
2026-01-01 09:19:00,-0.0345,normal,,0.1,-0.1,0.0
2026-01-01 09:20:00,-0.0389,normal,,0.1,-0.1,0.0
2026-01-01 09:21:00,0.0115,normal,,0.1,-0.1,0.0
2026-01-01 09:22:00,0.0254,normal,,0.1,-0.1,0.0
2026-01-01 09:23:00,-0.0005,normal,,0.1,-0.1,0.0
2026-01-01 09:24:00,-0.0237,normal,,0.1,-0.1,0.0
2026-01-01 09:25:00,0.0318,normal,,0.1,-0.1,0.0
2026-01-01 09:26:00,-0.0153,normal,,0.1,-0.1,0.0
2026-01-01 09:27:00,0.0138,normal,,0.1,-0.1,0.0
2026-01-01 09:28:00,-0.0295,normal,,0.1,-0.1,0.0
2026-01-01 09:29:00,0.0368,normal,,0.1,-0.1,0.0
2026-01-01 09:30:00,-0.0105,normal,,0.1,-0.1,0.0
2026-01-01 09:31:00,0.04,normal,,0.1,-0.1,0.0
2026-01-01 09:32:00,0.0227,normal,,0.1,-0.1,0.0
2026-01-01 09:33:00,-0.0832,normal,,0.1,-0.1,0.0
2026-01-01 09:34:00,-0.0051,normal,,0.1,-0.1,0.0
2026-01-01 09:35:00,0.0282,normal,,0.1,-0.1,0.0
2026-01-01 09:36:00,-0.0153,normal,,0.1,-0.1,0.0
2026-01-01 09:37:00,0.0044,normal,,0.1,-0.1,0.0
2026-01-01 09:38:00,0.042,normal,,0.1,-0.1,0.0
2026-01-01 09:39:00,-0.0223,normal,,0.1,-0.1,0.0
2026-01-01 09:40:00,-0.0417,normal,,0.1,-0.1,0.0
2026-01-01 09:41:00,0.0567,normal,,0.1,-0.1,0.0
2026-01-01 09:42:00,0.0112,normal,,0.1,-0.1,0.0
2026-01-01 09:43:00,-0.0117,normal,,0.1,-0.1,0.0
2026-01-01 09:44:00,0.0048,normal,,0.1,-0.1,0.0
2026-01-01 09:45:00,0.0309,normal,,0.1,-0.1,0.0
2026-01-01 09:46:00,0.0062,normal,,0.1,-0.1,0.0
2026-01-01 09:47:00,-0.0061,normal,,0.1,-0.1,0.0
2026-01-01 09:48:00,0.0089,normal,,0.1,-0.1,0.0
2026-01-01 09:49:00,0.0238,normal,,0.1,-0.1,0.0
2026-01-01 09:50:00,0.0256,normal,,0.1,-0.1,0.0
2026-01-01 09:51:00,0.0346,normal,,0.1,-0.1,0.0
2026-01-01 09:52:00,-0.0502,normal,,0.1,-0.1,0.0
2026-01-01 09:53:00,0.0153,normal,,0.1,-0.1,0.0
2026-01-01 09:54:00,0.0209,normal,,0.1,-0.1,0.0
2026-01-01 09:55:00,-0.0216,normal,,0.1,-0.1,0.0
2026-01-01 09:56:00,0.0098,normal,,0.1,-0.1,0.0
2026-01-01 09:57:00,-0.0122,normal,,0.1,-0.1,0.0
2026-01-01 09:58:00,-0.0042,normal,,0.1,-0.1,0.0
2026-01-01 09:59:00,0.0204,normal,,0.1,-0.1,0.0
2026-01-01 10:00:00,0.0273,normal,,0.1,-0.1,0.0
2026-01-01 10:01:00,-0.0037,normal,,0.1,-0.1,0.0
2026-01-01 10:02:00,0.0072,normal,,0.1,-0.1,0.0
2026-01-01 10:03:00,0.0186,normal,,0.1,-0.1,0.0
2026-01-01 10:04:00,0.0042,normal,,0.1,-0.1,0.0
2026-01-01 10:05:00,0.0199,normal,,0.1,-0.1,0.0
2026-01-01 10:06:00,-0.0047,normal,,0.1,-0.1,0.0
2026-01-01 10:07:00,-0.0363,normal,,0.1,-0.1,0.0
2026-01-01 10:08:00,-0.0309,normal,,0.1,-0.1,0.0
2026-01-01 10:09:00,0.0012,normal,,0.1,-0.1,0.0
2026-01-01 10:10:00,0.0027,normal,,0.1,-0.1,0.0
2026-01-01 10:11:00,-0.003,normal,,0.1,-0.1,0.0
2026-01-01 10:12:00,-0.0017,normal,,0.1,-0.1,0.0
2026-01-01 10:13:00,0.0035,normal,,0.1,-0.1,0.0
2026-01-01 10:14:00,0.0044,normal,,0.1,-0.1,0.0
2026-01-01 10:15:00,-0.0342,normal,,0.1,-0.1,0.0
2026-01-01 10:16:00,0.0177,normal,,0.1,-0.1,0.0
2026-01-01 10:17:00,-0.0115,normal,,0.1,-0.1,0.0
2026-01-01 10:18:00,-0.035,normal,,0.1,-0.1,0.0
2026-01-01 10:19:00,-0.0224,normal,,0.1,-0.1,0.0
2026-01-01 10:20:00,0.0157,normal,,0.1,-0.1,0.0
2026-01-01 10:21:00,-0.0255,normal,,0.1,-0.1,0.0
2026-01-01 10:22:00,-0.0142,normal,,0.1,-0.1,0.0
2026-01-01 10:23:00,-0.0478,normal,,0.1,-0.1,0.0
2026-01-01 10:24:00,0.005,normal,,0.1,-0.1,0.0
2026-01-01 10:25:00,-0.0289,normal,,0.1,-0.1,0.0
2026-01-01 10:26:00,-0.0208,normal,,0.1,-0.1,0.0
2026-01-01 10:27:00,0.029,normal,,0.1,-0.1,0.0
2026-01-01 10:28:00,-0.0228,normal,,0.1,-0.1,0.0
2026-01-01 10:29:00,0.0077,normal,,0.1,-0.1,0.0
2026-01-01 10:30:00,-0.003,normal,,0.1,-0.1,0.0
2026-01-01 10:31:00,-0.0131,normal,,0.1,-0.1,0.0
2026-01-01 10:32:00,-0.0118,normal,,0.1,-0.1,0.0
2026-01-01 10:33:00,0.0126,normal,,0.1,-0.1,0.0
2026-01-01 10:34:00,0.0468,normal,,0.1,-0.1,0.0
2026-01-01 10:35:00,0.0166,normal,,0.1,-0.1,0.0
2026-01-01 10:36:00,-0.0093,normal,,0.1,-0.1,0.0
2026-01-01 10:37:00,-0.041,normal,,0.1,-0.1,0.0
2026-01-01 10:38:00,-0.0049,normal,,0.1,-0.1,0.0
2026-01-01 10:39:00,-0.0112,normal,,0.1,-0.1,0.0
2026-01-01 10:40:00,-0.0336,normal,,0.1,-0.1,0.0
2026-01-01 10:41:00,0.0013,normal,,0.1,-0.1,0.0
2026-01-01 10:42:00,-0.03,normal,,0.1,-0.1,0.0
2026-01-01 10:43:00,-0.0299,normal,,0.1,-0.1,0.0
2026-01-01 10:44:00,-0.0258,normal,,0.1,-0.1,0.0
2026-01-01 10:45:00,0.0229,normal,,0.1,-0.1,0.0
2026-01-01 10:46:00,-0.0396,normal,,0.1,-0.1,0.0
2026-01-01 10:47:00,0.0322,normal,,0.1,-0.1,0.0
2026-01-01 10:48:00,0.0378,normal,,0.1,-0.1,0.0
2026-01-01 10:49:00,0.0025,normal,,0.1,-0.1,0.0
2026-01-01 10:50:00,0.0226,normal,,0.1,-0.1,0.0
2026-01-01 10:51:00,-0.022,normal,,0.1,-0.1,0.0
2026-01-01 10:52:00,0.0098,normal,,0.1,-0.1,0.0
2026-01-01 10:53:00,-0.0083,normal,,0.1,-0.1,0.0
2026-01-01 10:54:00,-0.0254,normal,,0.1,-0.1,0.0
2026-01-01 10:55:00,-0.0046,normal,,0.1,-0.1,0.0
2026-01-01 10:56:00,-0.0036,normal,,0.1,-0.1,0.0
2026-01-01 10:57:00,0.0117,normal,,0.1,-0.1,0.0
2026-01-01 10:58:00,0.0023,normal,,0.1,-0.1,0.0
2026-01-01 10:59:00,-0.0342,normal,,0.1,-0.1,0.0
2026-01-01 11:00:00,0.0106,normal,,0.1,-0.1,0.0
2026-01-01 11:01:00,-0.0122,normal,,0.1,-0.1,0.0
2026-01-01 11:02:00,-0.0134,normal,,0.1,-0.1,0.0
2026-01-01 11:03:00,0.0109,normal,,0.1,-0.1,0.0
2026-01-01 11:04:00,0.0297,normal,,0.1,-0.1,0.0
2026-01-01 11:05:00,-0.0049,normal,,0.1,-0.1,0.0
2026-01-01 11:06:00,-0.0135,normal,,0.1,-0.1,0.0
2026-01-01 11:07:00,-0.0057,normal,,0.1,-0.1,0.0
2026-01-01 11:08:00,-0.0557,normal,,0.1,-0.1,0.0
2026-01-01 11:09:00,-0.0119,normal,,0.1,-0.1,0.0
2026-01-01 11:10:00,0.0019,normal,,0.1,-0.1,0.0
2026-01-01 11:11:00,0.027,normal,,0.1,-0.1,0.0
2026-01-01 11:12:00,0.0032,normal,,0.1,-0.1,0.0
2026-01-01 11:13:00,-0.0259,normal,,0.1,-0.1,0.0
2026-01-01 11:14:00,0.0206,normal,,0.1,-0.1,0.0
2026-01-01 11:15:00,-0.007,normal,,0.1,-0.1,0.0
2026-01-01 11:16:00,0.0089,normal,,0.1,-0.1,0.0
2026-01-01 11:17:00,0.0048,normal,,0.1,-0.1,0.0
2026-01-01 11:18:00,-0.0106,normal,,0.1,-0.1,0.0
2026-01-01 11:19:00,0.0153,normal,,0.1,-0.1,0.0
2026-01-01 11:20:00,0.0335,normal,,0.1,-0.1,0.0
2026-01-01 11:21:00,-0.0176,normal,,0.1,-0.1,0.0
2026-01-01 11:22:00,-0.0387,normal,,0.1,-0.1,0.0
2026-01-01 11:23:00,0.0337,normal,,0.1,-0.1,0.0
2026-01-01 11:24:00,0.0091,normal,,0.1,-0.1,0.0
2026-01-01 11:25:00,-0.0224,normal,,0.1,-0.1,0.0
2026-01-01 11:26:00,-0.0253,normal,,0.1,-0.1,0.0
2026-01-01 11:27:00,-0.0302,normal,,0.1,-0.1,0.0
2026-01-01 11:28:00,-0.0363,normal,,0.1,-0.1,0.0
2026-01-01 11:29:00,-0.0028,normal,,0.1,-0.1,0.0
2026-01-01 11:30:00,-0.0225,normal,,0.1,-0.1,0.0
2026-01-01 11:31:00,-0.0037,normal,,0.1,-0.1,0.0
2026-01-01 11:32:00,0.0063,normal,,0.1,-0.1,0.0
2026-01-01 11:33:00,0.0224,normal,,0.1,-0.1,0.0
2026-01-01 11:34:00,-0.0179,normal,,0.1,-0.1,0.0
2026-01-01 11:35:00,-0.021,normal,,0.1,-0.1,0.0
2026-01-01 11:36:00,0.0047,normal,,0.1,-0.1,0.0
2026-01-01 11:37:00,-0.0054,normal,,0.1,-0.1,0.0
2026-01-01 11:38:00,0.0087,normal,,0.1,-0.1,0.0
2026-01-01 11:39:00,0.0356,normal,,0.1,-0.1,0.0
2026-01-01 11:40:00,-0.0166,normal,,0.1,-0.1,0.0
2026-01-01 11:41:00,-0.0111,normal,,0.1,-0.1,0.0
2026-01-01 11:42:00,-0.0065,normal,,0.1,-0.1,0.0
2026-01-01 11:43:00,0.0107,normal,,0.1,-0.1,0.0
2026-01-01 11:44:00,0.0184,normal,,0.1,-0.1,0.0
2026-01-01 11:45:00,0.0074,normal,,0.1,-0.1,0.0
2026-01-01 11:46:00,0.0181,normal,,0.1,-0.1,0.0
2026-01-01 11:47:00,-0.0242,normal,,0.1,-0.1,0.0
2026-01-01 11:48:00,0.0055,normal,,0.1,-0.1,0.0
2026-01-01 11:49:00,-0.0297,normal,,0.1,-0.1,0.0
2026-01-01 11:50:00,0.0047,normal,,0.1,-0.1,0.0
2026-01-01 11:51:00,0.0181,normal,,0.1,-0.1,0.0
2026-01-01 11:52:00,0.0215,normal,,0.1,-0.1,0.0
2026-01-01 11:53:00,-0.0069,normal,,0.1,-0.1,0.0
2026-01-01 11:54:00,-0.0184,normal,,0.1,-0.1,0.0
2026-01-01 11:55:00,0.0144,normal,,0.1,-0.1,0.0
2026-01-01 11:56:00,-0.0231,normal,,0.1,-0.1,0.0
2026-01-01 11:57:00,-0.0145,normal,,0.1,-0.1,0.0
2026-01-01 11:58:00,0.0228,normal,,0.1,-0.1,0.0
2026-01-01 11:59:00,0.0117,normal,,0.1,-0.1,0.0
2026-01-01 12:00:00,-0.0067,normal,,0.1,-0.1,0.0
2026-01-01 12:01:00,-0.0293,normal,,0.1,-0.1,0.0
2026-01-01 12:02:00,-0.0304,normal,,0.1,-0.1,0.0
2026-01-01 12:03:00,0.0008,normal,,0.1,-0.1,0.0
2026-01-01 12:04:00,0.0266,normal,,0.1,-0.1,0.0
2026-01-01 12:05:00,0.0322,normal,,0.1,-0.1,0.0
2026-01-01 12:06:00,0.0218,normal,,0.1,-0.1,0.0
2026-01-01 12:07:00,0.031,normal,,0.1,-0.1,0.0
2026-01-01 12:08:00,0.0178,normal,,0.1,-0.1,0.0
2026-01-01 12:09:00,0.03,normal,,0.1,-0.1,0.0
2026-01-01 12:10:00,0.004,normal,,0.1,-0.1,0.0
2026-01-01 12:11:00,-0.0003,normal,,0.1,-0.1,0.0
2026-01-01 12:12:00,-0.0412,normal,,0.1,-0.1,0.0
2026-01-01 12:13:00,0.0266,normal,,0.1,-0.1,0.0
2026-01-01 12:14:00,0.0156,normal,,0.1,-0.1,0.0
2026-01-01 12:15:00,-0.0223,normal,,0.1,-0.1,0.0
2026-01-01 12:16:00,-0.0299,normal,,0.1,-0.1,0.0
2026-01-01 12:17:00,-0.0436,normal,,0.1,-0.1,0.0
2026-01-01 12:18:00,-0.0102,normal,,0.1,-0.1,0.0
2026-01-01 12:19:00,-0.0309,normal,,0.1,-0.1,0.0
2026-01-01 12:20:00,0.0408,normal,,0.1,-0.1,0.0
2026-01-01 12:21:00,0.0262,normal,,0.1,-0.1,0.0
2026-01-01 12:22:00,0.0159,normal,,0.1,-0.1,0.0
2026-01-01 12:23:00,0.0061,normal,,0.1,-0.1,0.0
2026-01-01 12:24:00,-0.0132,normal,,0.1,-0.1,0.0
2026-01-01 12:25:00,-0.0021,normal,,0.1,-0.1,0.0
2026-01-01 12:26:00,0.0341,normal,,0.1,-0.1,0.0
2026-01-01 12:27:00,-0.0021,normal,,0.1,-0.1,0.0
2026-01-01 12:28:00,0.0055,normal,,0.1,-0.1,0.0
2026-01-01 12:29:00,0.0014,normal,,0.1,-0.1,0.0
2026-01-01 12:30:00,-0.0197,normal,,0.1,-0.1,0.0
2026-01-01 12:31:00,0.0022,normal,,0.1,-0.1,0.0
2026-01-01 12:32:00,0.0057,normal,,0.1,-0.1,0.0
2026-01-01 12:33:00,0.007,normal,,0.1,-0.1,0.0
2026-01-01 12:34:00,-0.0308,normal,,0.1,-0.1,0.0
2026-01-01 12:35:00,-0.0145,normal,,0.1,-0.1,0.0
2026-01-01 12:36:00,-0.0288,normal,,0.1,-0.1,0.0
2026-01-01 12:37:00,0.0125,normal,,0.1,-0.1,0.0
2026-01-01 12:38:00,0.0095,normal,,0.1,-0.1,0.0
2026-01-01 12:39:00,0.0152,normal,,0.1,-0.1,0.0
2026-01-01 12:40:00,-0.0072,normal,,0.1,-0.1,0.0
2026-01-01 12:41:00,-0.0512,normal,,0.1,-0.1,0.0
2026-01-01 12:42:00,-0.0093,normal,,0.1,-0.1,0.0
2026-01-01 12:43:00,0.0009,normal,,0.1,-0.1,0.0
2026-01-01 12:44:00,0.0075,normal,,0.1,-0.1,0.0
2026-01-01 12:45:00,-0.0152,normal,,0.1,-0.1,0.0
2026-01-01 12:46:00,-0.0094,normal,,0.1,-0.1,0.0
2026-01-01 12:47:00,-0.0193,normal,,0.1,-0.1,0.0
2026-01-01 12:48:00,0.0078,normal,,0.1,-0.1,0.0
2026-01-01 12:49:00,0.0158,normal,,0.1,-0.1,0.0
2026-01-01 12:50:00,0.0126,normal,,0.1,-0.1,0.0
2026-01-01 12:51:00,0.0117,normal,,0.1,-0.1,0.0
2026-01-01 12:52:00,0.0121,normal,,0.1,-0.1,0.0
2026-01-01 12:53:00,-0.0036,normal,,0.1,-0.1,0.0
2026-01-01 12:54:00,-0.0044,normal,,0.1,-0.1,0.0
2026-01-01 12:55:00,0.0003,normal,,0.1,-0.1,0.0
2026-01-01 12:56:00,-0.007,normal,,0.1,-0.1,0.0
2026-01-01 12:57:00,0.0028,normal,,0.1,-0.1,0.0
2026-01-01 12:58:00,0.0348,normal,,0.1,-0.1,0.0
2026-01-01 12:59:00,-0.0069,normal,,0.1,-0.1,0.0
2026-01-01 13:00:00,-0.0179,normal,,0.1,-0.1,0.0
2026-01-01 13:01:00,-0.022,normal,,0.1,-0.1,0.0
2026-01-01 13:02:00,-0.0017,normal,,0.1,-0.1,0.0
2026-01-01 13:03:00,0.0389,normal,,0.1,-0.1,0.0
2026-01-01 13:04:00,0.0328,normal,,0.1,-0.1,0.0
2026-01-01 13:05:00,-0.0359,normal,,0.1,-0.1,0.0
2026-01-01 13:06:00,-0.0097,normal,,0.1,-0.1,0.0
2026-01-01 13:07:00,0.0272,normal,,0.1,-0.1,0.0
2026-01-01 13:08:00,-0.0176,normal,,0.1,-0.1,0.0
2026-01-01 13:09:00,0.0045,normal,,0.1,-0.1,0.0
2026-01-01 13:10:00,0.022,normal,,0.1,-0.1,0.0
2026-01-01 13:11:00,-0.0035,normal,,0.1,-0.1,0.0
2026-01-01 13:12:00,0.0121,normal,,0.1,-0.1,0.0
2026-01-01 13:13:00,-0.0415,normal,,0.1,-0.1,0.0
2026-01-01 13:14:00,-0.0149,normal,,0.1,-0.1,0.0
2026-01-01 13:15:00,-0.0255,normal,,0.1,-0.1,0.0
2026-01-01 13:16:00,0.0125,normal,,0.1,-0.1,0.0
2026-01-01 13:17:00,0.0241,normal,,0.1,-0.1,0.0
2026-01-01 13:18:00,0.0034,normal,,0.1,-0.1,0.0
2026-01-01 13:19:00,0.0104,normal,,0.1,-0.1,0.0
2026-01-01 13:20:00,0.0203,normal,,0.1,-0.1,0.0
2026-01-01 13:21:00,-0.0084,normal,,0.1,-0.1,0.0
2026-01-01 13:22:00,0.0175,normal,,0.1,-0.1,0.0
2026-01-01 13:23:00,0.0157,normal,,0.1,-0.1,0.0
2026-01-01 13:24:00,-0.0216,normal,,0.1,-0.1,0.0
2026-01-01 13:25:00,0.0144,normal,,0.1,-0.1,0.0
2026-01-01 13:26:00,-0.027,normal,,0.1,-0.1,0.0
2026-01-01 13:27:00,-0.0296,normal,,0.1,-0.1,0.0
2026-01-01 13:28:00,-0.0323,normal,,0.1,-0.1,0.0
2026-01-01 13:29:00,-0.0079,normal,,0.1,-0.1,0.0
2026-01-01 13:30:00,0.0146,normal,,0.1,-0.1,0.0
2026-01-01 13:31:00,-0.0376,normal,,0.1,-0.1,0.0
2026-01-01 13:32:00,-0.0384,normal,,0.1,-0.1,0.0
2026-01-01 13:33:00,0.0154,normal,,0.1,-0.1,0.0
2026-01-01 13:34:00,0.0044,normal,,0.1,-0.1,0.0
2026-01-01 13:35:00,0.0422,normal,,0.1,-0.1,0.0
2026-01-01 13:36:00,-0.0181,normal,,0.1,-0.1,0.0
2026-01-01 13:37:00,-0.0082,normal,,0.1,-0.1,0.0
2026-01-01 13:38:00,-0.031,normal,,0.1,-0.1,0.0
2026-01-01 13:39:00,-0.0123,normal,,0.1,-0.1,0.0
2026-01-01 13:40:00,0.0186,normal,,0.1,-0.1,0.0
2026-01-01 13:41:00,0.0151,normal,,0.1,-0.1,0.0
2026-01-01 13:42:00,0.0154,normal,,0.1,-0.1,0.0
2026-01-01 13:43:00,-0.025,normal,,0.1,-0.1,0.0
2026-01-01 13:44:00,0.0382,normal,,0.1,-0.1,0.0
2026-01-01 13:45:00,-0.0144,normal,,0.1,-0.1,0.0
2026-01-01 13:46:00,0.0121,normal,,0.1,-0.1,0.0
2026-01-01 13:47:00,-0.0002,normal,,0.1,-0.1,0.0
2026-01-01 13:48:00,0.0328,normal,,0.1,-0.1,0.0
2026-01-01 13:49:00,-0.0227,normal,,0.1,-0.1,0.0
2026-01-01 13:50:00,0.011,normal,,0.1,-0.1,0.0
2026-01-01 13:51:00,0.031,normal,,0.1,-0.1,0.0
2026-01-01 13:52:00,0.0099,normal,,0.1,-0.1,0.0
2026-01-01 13:53:00,0.0128,normal,,0.1,-0.1,0.0
2026-01-01 13:54:00,-0.0031,normal,,0.1,-0.1,0.0
2026-01-01 13:55:00,-0.0279,normal,,0.1,-0.1,0.0
2026-01-01 13:56:00,-0.001,normal,,0.1,-0.1,0.0
2026-01-01 13:57:00,0.0124,normal,,0.1,-0.1,0.0
2026-01-01 13:58:00,-0.0135,normal,,0.1,-0.1,0.0
2026-01-01 13:59:00,-0.0134,normal,,0.1,-0.1,0.0
2026-01-01 14:00:00,-0.0117,normal,,0.1,-0.1,0.0
2026-01-01 14:01:00,-0.0033,normal,,0.1,-0.1,0.0
2026-01-01 14:02:00,0.0047,normal,,0.1,-0.1,0.0
2026-01-01 14:03:00,0.034,normal,,0.1,-0.1,0.0
2026-01-01 14:04:00,0.0062,normal,,0.1,-0.1,0.0
2026-01-01 14:05:00,0.0265,normal,,0.1,-0.1,0.0
2026-01-01 14:06:00,-0.0123,normal,,0.1,-0.1,0.0
2026-01-01 14:07:00,-0.0061,normal,,0.1,-0.1,0.0
2026-01-01 14:08:00,-0.0155,normal,,0.1,-0.1,0.0
2026-01-01 14:09:00,0.0195,normal,,0.1,-0.1,0.0
2026-01-01 14:10:00,0.0034,normal,,0.1,-0.1,0.0
2026-01-01 14:11:00,0.0087,normal,,0.1,-0.1,0.0
2026-01-01 14:12:00,-0.0271,normal,,0.1,-0.1,0.0
2026-01-01 14:13:00,-0.0359,normal,,0.1,-0.1,0.0
2026-01-01 14:14:00,-0.0177,normal,,0.1,-0.1,0.0
2026-01-01 14:15:00,0.0348,normal,,0.1,-0.1,0.0
2026-01-01 14:16:00,-0.0165,normal,,0.1,-0.1,0.0
2026-01-01 14:17:00,-0.0011,normal,,0.1,-0.1,0.0
2026-01-01 14:18:00,0.0166,normal,,0.1,-0.1,0.0
2026-01-01 14:19:00,0.0222,normal,,0.1,-0.1,0.0
2026-01-01 14:20:00,-0.0051,normal,,0.1,-0.1,0.0
2026-01-01 14:21:00,0.0106,normal,,0.1,-0.1,0.0
2026-01-01 14:22:00,0.0137,normal,,0.1,-0.1,0.0
2026-01-01 14:23:00,0.0424,normal,,0.1,-0.1,0.0
2026-01-01 14:24:00,0.0195,normal,,0.1,-0.1,0.0
2026-01-01 14:25:00,-0.013,normal,,0.1,-0.1,0.0
2026-01-01 14:26:00,-0.0131,normal,,0.1,-0.1,0.0
2026-01-01 14:27:00,0.0009,normal,,0.1,-0.1,0.0
2026-01-01 14:28:00,-0.0124,normal,,0.1,-0.1,0.0
2026-01-01 14:29:00,-0.0016,normal,,0.1,-0.1,0.0
2026-01-01 14:30:00,0.0136,normal,,0.1,-0.1,0.0
2026-01-01 14:31:00,-0.0236,normal,,0.1,-0.1,0.0
2026-01-01 14:32:00,0.0512,normal,,0.1,-0.1,0.0
2026-01-01 14:33:00,-0.041,normal,,0.1,-0.1,0.0
2026-01-01 14:34:00,-0.0006,normal,,0.1,-0.1,0.0
2026-01-01 14:35:00,-0.0016,normal,,0.1,-0.1,0.0
2026-01-01 14:36:00,0.0072,normal,,0.1,-0.1,0.0
2026-01-01 14:37:00,0.0125,normal,,0.1,-0.1,0.0
2026-01-01 14:38:00,0.0194,normal,,0.1,-0.1,0.0
2026-01-01 14:39:00,-0.0042,normal,,0.1,-0.1,0.0
2026-01-01 14:40:00,0.0163,normal,,0.1,-0.1,0.0
2026-01-01 14:41:00,0.051,normal,,0.1,-0.1,0.0
2026-01-01 14:42:00,0.0051,normal,,0.1,-0.1,0.0
2026-01-01 14:43:00,0.0046,normal,,0.1,-0.1,0.0
2026-01-01 14:44:00,-0.0229,normal,,0.1,-0.1,0.0
2026-01-01 14:45:00,-0.0172,normal,,0.1,-0.1,0.0
2026-01-01 14:46:00,0.0083,normal,,0.1,-0.1,0.0
2026-01-01 14:47:00,-0.0142,normal,,0.1,-0.1,0.0
2026-01-01 14:48:00,0.0075,normal,,0.1,-0.1,0.0
2026-01-01 14:49:00,-0.0223,normal,,0.1,-0.1,0.0
2026-01-01 14:50:00,-0.0881,anomaly,sudden_shift,0.1,-0.1,0.0
2026-01-01 14:51:00,-0.057,anomaly,sudden_shift,0.1,-0.1,0.0
2026-01-01 14:52:00,-0.0373,anomaly,sudden_shift,0.1,-0.1,0.0
2026-01-01 14:53:00,-0.0712,anomaly,sudden_shift,0.1,-0.1,0.0
2026-01-01 14:54:00,-0.0289,anomaly,sudden_shift,0.1,-0.1,0.0
2026-01-01 14:55:00,-0.0501,anomaly,sudden_shift,0.1,-0.1,0.0
2026-01-01 14:56:00,-0.036,anomaly,sudden_shift,0.1,-0.1,0.0
2026-01-01 14:57:00,-0.0526,anomaly,sudden_shift,0.1,-0.1,0.0
2026-01-01 14:58:00,-0.0386,anomaly,sudden_shift,0.1,-0.1,0.0
2026-01-01 14:59:00,-0.0102,anomaly,sudden_shift,0.1,-0.1,0.0
2026-01-01 15:00:00,-0.0398,anomaly,sudden_shift,0.1,-0.1,0.0
2026-01-01 15:01:00,0.0084,anomaly,sudden_shift,0.1,-0.1,0.0
2026-01-01 15:02:00,-0.077,anomaly,sudden_shift,0.1,-0.1,0.0
2026-01-01 15:03:00,-0.0724,anomaly,sudden_shift,0.1,-0.1,0.0
2026-01-01 15:04:00,-0.0618,anomaly,sudden_shift,0.1,-0.1,0.0
2026-01-01 15:05:00,-0.0886,anomaly,sudden_shift,0.1,-0.1,0.0
2026-01-01 15:06:00,-0.0377,anomaly,sudden_shift,0.1,-0.1,0.0
2026-01-01 15:07:00,-0.0164,anomaly,sudden_shift,0.1,-0.1,0.0
2026-01-01 15:08:00,-0.0225,anomaly,sudden_shift,0.1,-0.1,0.0
2026-01-01 15:09:00,-0.0538,anomaly,sudden_shift,0.1,-0.1,0.0
2026-01-01 15:10:00,-0.035,anomaly,sudden_shift,0.1,-0.1,0.0
2026-01-01 15:11:00,-0.0855,anomaly,sudden_shift,0.1,-0.1,0.0
2026-01-01 15:12:00,-0.0477,anomaly,sudden_shift,0.1,-0.1,0.0
2026-01-01 15:13:00,-0.0312,anomaly,sudden_shift,0.1,-0.1,0.0
2026-01-01 15:14:00,-0.051,anomaly,sudden_shift,0.1,-0.1,0.0
2026-01-01 15:15:00,-0.0754,anomaly,sudden_shift,0.1,-0.1,0.0
2026-01-01 15:16:00,-0.0645,anomaly,sudden_shift,0.1,-0.1,0.0
2026-01-01 15:17:00,-0.0374,anomaly,sudden_shift,0.1,-0.1,0.0
2026-01-01 15:18:00,-0.0486,anomaly,sudden_shift,0.1,-0.1,0.0
2026-01-01 15:19:00,-0.0498,anomaly,sudden_shift,0.1,-0.1,0.0
2026-01-01 15:20:00,-0.0183,anomaly,sudden_shift,0.1,-0.1,0.0
2026-01-01 15:21:00,-0.0768,anomaly,sudden_shift,0.1,-0.1,0.0
2026-01-01 15:22:00,-0.0428,anomaly,sudden_shift,0.1,-0.1,0.0
2026-01-01 15:23:00,-0.0135,anomaly,sudden_shift,0.1,-0.1,0.0
2026-01-01 15:24:00,-0.057,anomaly,sudden_shift,0.1,-0.1,0.0
2026-01-01 15:25:00,-0.0165,anomaly,sudden_shift,0.1,-0.1,0.0
2026-01-01 15:26:00,-0.0456,anomaly,sudden_shift,0.1,-0.1,0.0
2026-01-01 15:27:00,-0.038,anomaly,sudden_shift,0.1,-0.1,0.0
2026-01-01 15:28:00,-0.0321,anomaly,sudden_shift,0.1,-0.1,0.0
2026-01-01 15:29:00,-0.0857,anomaly,sudden_shift,0.1,-0.1,0.0
2026-01-01 15:30:00,-0.0168,normal,,0.1,-0.1,0.0
2026-01-01 15:31:00,-0.0088,normal,,0.1,-0.1,0.0
2026-01-01 15:32:00,0.0265,normal,,0.1,-0.1,0.0
2026-01-01 15:33:00,-0.0152,normal,,0.1,-0.1,0.0
2026-01-01 15:34:00,0.0065,normal,,0.1,-0.1,0.0
2026-01-01 15:35:00,-0.0367,normal,,0.1,-0.1,0.0
2026-01-01 15:36:00,-0.0391,normal,,0.1,-0.1,0.0
2026-01-01 15:37:00,0.0211,normal,,0.1,-0.1,0.0
2026-01-01 15:38:00,-0.0086,normal,,0.1,-0.1,0.0
2026-01-01 15:39:00,0.0376,normal,,0.1,-0.1,0.0
2026-01-01 15:40:00,0.0213,normal,,0.1,-0.1,0.0
2026-01-01 15:41:00,-0.0006,normal,,0.1,-0.1,0.0
2026-01-01 15:42:00,0.0535,normal,,0.1,-0.1,0.0
2026-01-01 15:43:00,0.023,normal,,0.1,-0.1,0.0
2026-01-01 15:44:00,-0.0211,normal,,0.1,-0.1,0.0
2026-01-01 15:45:00,0.0311,normal,,0.1,-0.1,0.0
2026-01-01 15:46:00,0.0358,normal,,0.1,-0.1,0.0
2026-01-01 15:47:00,-0.0125,normal,,0.1,-0.1,0.0
2026-01-01 15:48:00,0.0026,normal,,0.1,-0.1,0.0
2026-01-01 15:49:00,0.0164,normal,,0.1,-0.1,0.0
2026-01-01 15:50:00,-0.0018,normal,,0.1,-0.1,0.0
2026-01-01 15:51:00,0.0268,normal,,0.1,-0.1,0.0
2026-01-01 15:52:00,0.0028,normal,,0.1,-0.1,0.0
2026-01-01 15:53:00,-0.0034,normal,,0.1,-0.1,0.0
2026-01-01 15:54:00,-0.0012,normal,,0.1,-0.1,0.0
2026-01-01 15:55:00,0.0126,normal,,0.1,-0.1,0.0
2026-01-01 15:56:00,0.0317,normal,,0.1,-0.1,0.0
2026-01-01 15:57:00,0.0049,normal,,0.1,-0.1,0.0
2026-01-01 15:58:00,0.0228,normal,,0.1,-0.1,0.0
2026-01-01 15:59:00,0.0394,normal,,0.1,-0.1,0.0
2026-01-01 16:00:00,0.0004,normal,,0.1,-0.1,0.0
2026-01-01 16:01:00,0.0261,normal,,0.1,-0.1,0.0
2026-01-01 16:02:00,-0.0249,normal,,0.1,-0.1,0.0
2026-01-01 16:03:00,0.0062,normal,,0.1,-0.1,0.0
2026-01-01 16:04:00,0.0288,normal,,0.1,-0.1,0.0
2026-01-01 16:05:00,0.0196,normal,,0.1,-0.1,0.0
2026-01-01 16:06:00,0.0012,normal,,0.1,-0.1,0.0
2026-01-01 16:07:00,0.0174,normal,,0.1,-0.1,0.0
2026-01-01 16:08:00,-0.0081,normal,,0.1,-0.1,0.0
2026-01-01 16:09:00,0.0239,normal,,0.1,-0.1,0.0
2026-01-01 16:10:00,0.0282,normal,,0.1,-0.1,0.0
2026-01-01 16:11:00,0.0082,normal,,0.1,-0.1,0.0
2026-01-01 16:12:00,-0.0121,normal,,0.1,-0.1,0.0
2026-01-01 16:13:00,-0.0285,normal,,0.1,-0.1,0.0
2026-01-01 16:14:00,-0.0057,normal,,0.1,-0.1,0.0
2026-01-01 16:15:00,-0.0432,normal,,0.1,-0.1,0.0
2026-01-01 16:16:00,0.0111,normal,,0.1,-0.1,0.0
2026-01-01 16:17:00,-0.0101,normal,,0.1,-0.1,0.0
2026-01-01 16:18:00,0.0325,normal,,0.1,-0.1,0.0
2026-01-01 16:19:00,0.0091,normal,,0.1,-0.1,0.0
2026-01-01 16:20:00,0.0068,normal,,0.1,-0.1,0.0
2026-01-01 16:21:00,-0.003,normal,,0.1,-0.1,0.0
2026-01-01 16:22:00,-0.0056,normal,,0.1,-0.1,0.0
2026-01-01 16:23:00,-0.0196,normal,,0.1,-0.1,0.0
2026-01-01 16:24:00,-0.0299,normal,,0.1,-0.1,0.0
2026-01-01 16:25:00,0.0121,normal,,0.1,-0.1,0.0
2026-01-01 16:26:00,0.0387,normal,,0.1,-0.1,0.0
2026-01-01 16:27:00,0.0278,normal,,0.1,-0.1,0.0
2026-01-01 16:28:00,-0.0191,normal,,0.1,-0.1,0.0
2026-01-01 16:29:00,-0.0208,normal,,0.1,-0.1,0.0
2026-01-01 16:30:00,-0.0211,normal,,0.1,-0.1,0.0
2026-01-01 16:31:00,0.0076,normal,,0.1,-0.1,0.0
2026-01-01 16:32:00,0.0199,normal,,0.1,-0.1,0.0
2026-01-01 16:33:00,-0.0194,normal,,0.1,-0.1,0.0
2026-01-01 16:34:00,0.0153,normal,,0.1,-0.1,0.0
2026-01-01 16:35:00,0.0016,normal,,0.1,-0.1,0.0
2026-01-01 16:36:00,0.0103,normal,,0.1,-0.1,0.0
2026-01-01 16:37:00,0.0063,normal,,0.1,-0.1,0.0
2026-01-01 16:38:00,0.0114,normal,,0.1,-0.1,0.0
2026-01-01 16:39:00,0.0013,normal,,0.1,-0.1,0.0
2026-01-01 16:40:00,-0.0049,normal,,0.1,-0.1,0.0
2026-01-01 16:41:00,-0.0068,normal,,0.1,-0.1,0.0
2026-01-01 16:42:00,0.0691,normal,,0.1,-0.1,0.0
2026-01-01 16:43:00,0.0216,normal,,0.1,-0.1,0.0
2026-01-01 16:44:00,-0.0019,normal,,0.1,-0.1,0.0
2026-01-01 16:45:00,-0.0458,normal,,0.1,-0.1,0.0
2026-01-01 16:46:00,0.0143,normal,,0.1,-0.1,0.0
2026-01-01 16:47:00,0.0063,normal,,0.1,-0.1,0.0
2026-01-01 16:48:00,-0.0044,normal,,0.1,-0.1,0.0
2026-01-01 16:49:00,0.0102,normal,,0.1,-0.1,0.0
2026-01-01 16:50:00,-0.0208,normal,,0.1,-0.1,0.0
2026-01-01 16:51:00,-0.0145,normal,,0.1,-0.1,0.0
2026-01-01 16:52:00,-0.0034,normal,,0.1,-0.1,0.0
2026-01-01 16:53:00,0.0299,normal,,0.1,-0.1,0.0
2026-01-01 16:54:00,0.0523,normal,,0.1,-0.1,0.0
2026-01-01 16:55:00,-0.0359,normal,,0.1,-0.1,0.0
2026-01-01 16:56:00,-0.0056,normal,,0.1,-0.1,0.0
2026-01-01 16:57:00,0.0131,normal,,0.1,-0.1,0.0
2026-01-01 16:58:00,0.0033,normal,,0.1,-0.1,0.0
2026-01-01 16:59:00,0.0122,normal,,0.1,-0.1,0.0
2026-01-01 17:00:00,-0.0131,normal,,0.1,-0.1,0.0
2026-01-01 17:01:00,0.0057,normal,,0.1,-0.1,0.0
2026-01-01 17:02:00,0.0042,normal,,0.1,-0.1,0.0
2026-01-01 17:03:00,0.036,normal,,0.1,-0.1,0.0
2026-01-01 17:04:00,-0.0323,normal,,0.1,-0.1,0.0
2026-01-01 17:05:00,0.0011,normal,,0.1,-0.1,0.0
2026-01-01 17:06:00,0.0013,normal,,0.1,-0.1,0.0
2026-01-01 17:07:00,-0.018,normal,,0.1,-0.1,0.0
2026-01-01 17:08:00,-0.0147,normal,,0.1,-0.1,0.0
2026-01-01 17:09:00,-0.0039,normal,,0.1,-0.1,0.0
2026-01-01 17:10:00,-0.0466,normal,,0.1,-0.1,0.0
2026-01-01 17:11:00,-0.0404,normal,,0.1,-0.1,0.0
2026-01-01 17:12:00,0.0592,normal,,0.1,-0.1,0.0
2026-01-01 17:13:00,0.0173,normal,,0.1,-0.1,0.0
2026-01-01 17:14:00,0.003,normal,,0.1,-0.1,0.0
2026-01-01 17:15:00,-0.0,normal,,0.1,-0.1,0.0
2026-01-01 17:16:00,-0.0028,normal,,0.1,-0.1,0.0
2026-01-01 17:17:00,-0.0179,normal,,0.1,-0.1,0.0
2026-01-01 17:18:00,-0.0248,normal,,0.1,-0.1,0.0
2026-01-01 17:19:00,0.0086,normal,,0.1,-0.1,0.0
2026-01-01 17:20:00,0.0041,normal,,0.1,-0.1,0.0
2026-01-01 17:21:00,0.0173,normal,,0.1,-0.1,0.0
2026-01-01 17:22:00,0.0131,normal,,0.1,-0.1,0.0
2026-01-01 17:23:00,0.0242,normal,,0.1,-0.1,0.0
2026-01-01 17:24:00,-0.0126,normal,,0.1,-0.1,0.0
2026-01-01 17:25:00,-0.0021,normal,,0.1,-0.1,0.0
2026-01-01 17:26:00,0.0266,normal,,0.1,-0.1,0.0
2026-01-01 17:27:00,0.0442,normal,,0.1,-0.1,0.0
2026-01-01 17:28:00,-0.0137,normal,,0.1,-0.1,0.0
2026-01-01 17:29:00,0.0348,normal,,0.1,-0.1,0.0
2026-01-01 17:30:00,-0.0317,normal,,0.1,-0.1,0.0
2026-01-01 17:31:00,0.0043,normal,,0.1,-0.1,0.0
2026-01-01 17:32:00,0.0254,normal,,0.1,-0.1,0.0
2026-01-01 17:33:00,0.0151,normal,,0.1,-0.1,0.0
2026-01-01 17:34:00,0.0028,normal,,0.1,-0.1,0.0
2026-01-01 17:35:00,0.0049,normal,,0.1,-0.1,0.0
2026-01-01 17:36:00,-0.006,normal,,0.1,-0.1,0.0
2026-01-01 17:37:00,0.0416,normal,,0.1,-0.1,0.0
2026-01-01 17:38:00,-0.0141,normal,,0.1,-0.1,0.0
2026-01-01 17:39:00,-0.0072,normal,,0.1,-0.1,0.0
2026-01-01 17:40:00,0.0152,normal,,0.1,-0.1,0.0
2026-01-01 17:41:00,-0.0276,normal,,0.1,-0.1,0.0
2026-01-01 17:42:00,-0.0193,normal,,0.1,-0.1,0.0
2026-01-01 17:43:00,0.0265,normal,,0.1,-0.1,0.0
2026-01-01 17:44:00,-0.0014,normal,,0.1,-0.1,0.0
2026-01-01 17:45:00,-0.005,normal,,0.1,-0.1,0.0
2026-01-01 17:46:00,-0.0297,normal,,0.1,-0.1,0.0
2026-01-01 17:47:00,0.0161,normal,,0.1,-0.1,0.0
2026-01-01 17:48:00,-0.0042,normal,,0.1,-0.1,0.0
2026-01-01 17:49:00,0.0253,normal,,0.1,-0.1,0.0
2026-01-01 17:50:00,0.0072,normal,,0.1,-0.1,0.0
2026-01-01 17:51:00,-0.0329,normal,,0.1,-0.1,0.0
2026-01-01 17:52:00,-0.0137,normal,,0.1,-0.1,0.0
2026-01-01 17:53:00,0.0084,normal,,0.1,-0.1,0.0
2026-01-01 17:54:00,0.0032,normal,,0.1,-0.1,0.0
2026-01-01 17:55:00,0.0232,normal,,0.1,-0.1,0.0
2026-01-01 17:56:00,0.0091,normal,,0.1,-0.1,0.0
2026-01-01 17:57:00,-0.0141,normal,,0.1,-0.1,0.0
2026-01-01 17:58:00,0.0015,normal,,0.1,-0.1,0.0
2026-01-01 17:59:00,0.0238,normal,,0.1,-0.1,0.0
2026-01-01 18:00:00,0.0201,normal,,0.1,-0.1,0.0
2026-01-01 18:01:00,-0.0087,normal,,0.1,-0.1,0.0
2026-01-01 18:02:00,-0.0281,normal,,0.1,-0.1,0.0
2026-01-01 18:03:00,-0.0236,normal,,0.1,-0.1,0.0
2026-01-01 18:04:00,-0.0073,normal,,0.1,-0.1,0.0
2026-01-01 18:05:00,-0.0334,normal,,0.1,-0.1,0.0
2026-01-01 18:06:00,-0.0087,normal,,0.1,-0.1,0.0
2026-01-01 18:07:00,-0.0226,normal,,0.1,-0.1,0.0
2026-01-01 18:08:00,0.0151,normal,,0.1,-0.1,0.0
2026-01-01 18:09:00,0.0026,normal,,0.1,-0.1,0.0
2026-01-01 18:10:00,-0.0041,normal,,0.1,-0.1,0.0
2026-01-01 18:11:00,-0.0053,normal,,0.1,-0.1,0.0
2026-01-01 18:12:00,0.0079,normal,,0.1,-0.1,0.0
2026-01-01 18:13:00,0.0066,normal,,0.1,-0.1,0.0
2026-01-01 18:14:00,-0.0038,normal,,0.1,-0.1,0.0
2026-01-01 18:15:00,-0.0413,normal,,0.1,-0.1,0.0
2026-01-01 18:16:00,0.016,normal,,0.1,-0.1,0.0
2026-01-01 18:17:00,-0.036,normal,,0.1,-0.1,0.0
2026-01-01 18:18:00,0.0292,normal,,0.1,-0.1,0.0
2026-01-01 18:19:00,-0.0013,normal,,0.1,-0.1,0.0
2026-01-01 18:20:00,-0.0309,normal,,0.1,-0.1,0.0
2026-01-01 18:21:00,-0.0579,normal,,0.1,-0.1,0.0
2026-01-01 18:22:00,-0.0423,normal,,0.1,-0.1,0.0
2026-01-01 18:23:00,-0.0182,normal,,0.1,-0.1,0.0
2026-01-01 18:24:00,-0.0129,normal,,0.1,-0.1,0.0
2026-01-01 18:25:00,-0.0232,normal,,0.1,-0.1,0.0
2026-01-01 18:26:00,-0.0444,normal,,0.1,-0.1,0.0
2026-01-01 18:27:00,0.0265,normal,,0.1,-0.1,0.0
2026-01-01 18:28:00,-0.0139,normal,,0.1,-0.1,0.0
2026-01-01 18:29:00,-0.0284,normal,,0.1,-0.1,0.0
2026-01-01 18:30:00,0.0059,normal,,0.1,-0.1,0.0
2026-01-01 18:31:00,0.0137,normal,,0.1,-0.1,0.0
2026-01-01 18:32:00,-0.0141,normal,,0.1,-0.1,0.0
2026-01-01 18:33:00,0.0046,normal,,0.1,-0.1,0.0
2026-01-01 18:34:00,-0.0312,normal,,0.1,-0.1,0.0
2026-01-01 18:35:00,0.0446,normal,,0.1,-0.1,0.0
2026-01-01 18:36:00,0.0283,normal,,0.1,-0.1,0.0
2026-01-01 18:37:00,0.0161,normal,,0.1,-0.1,0.0
2026-01-01 18:38:00,0.0063,normal,,0.1,-0.1,0.0
2026-01-01 18:39:00,0.0055,normal,,0.1,-0.1,0.0
2026-01-01 18:40:00,0.0285,normal,,0.1,-0.1,0.0
2026-01-01 18:41:00,-0.0225,normal,,0.1,-0.1,0.0
2026-01-01 18:42:00,0.0324,normal,,0.1,-0.1,0.0
2026-01-01 18:43:00,0.0036,normal,,0.1,-0.1,0.0
2026-01-01 18:44:00,0.0684,normal,,0.1,-0.1,0.0
2026-01-01 18:45:00,-0.0174,normal,,0.1,-0.1,0.0
2026-01-01 18:46:00,0.0296,normal,,0.1,-0.1,0.0
2026-01-01 18:47:00,0.0301,normal,,0.1,-0.1,0.0
2026-01-01 18:48:00,0.019,normal,,0.1,-0.1,0.0
2026-01-01 18:49:00,0.0087,normal,,0.1,-0.1,0.0
2026-01-01 18:50:00,0.0363,normal,,0.1,-0.1,0.0
2026-01-01 18:51:00,-0.034,normal,,0.1,-0.1,0.0
2026-01-01 18:52:00,-0.0178,normal,,0.1,-0.1,0.0
2026-01-01 18:53:00,-0.0075,normal,,0.1,-0.1,0.0
2026-01-01 18:54:00,-0.0336,normal,,0.1,-0.1,0.0
2026-01-01 18:55:00,-0.0056,normal,,0.1,-0.1,0.0
2026-01-01 18:56:00,-0.0141,normal,,0.1,-0.1,0.0
2026-01-01 18:57:00,-0.0081,normal,,0.1,-0.1,0.0
2026-01-01 18:58:00,0.0214,normal,,0.1,-0.1,0.0
2026-01-01 18:59:00,-0.0169,normal,,0.1,-0.1,0.0
2026-01-01 19:00:00,0.0092,normal,,0.1,-0.1,0.0
2026-01-01 19:01:00,0.0222,normal,,0.1,-0.1,0.0
2026-01-01 19:02:00,0.0482,normal,,0.1,-0.1,0.0
2026-01-01 19:03:00,0.0122,normal,,0.1,-0.1,0.0
2026-01-01 19:04:00,-0.0169,normal,,0.1,-0.1,0.0
2026-01-01 19:05:00,-0.0297,normal,,0.1,-0.1,0.0
2026-01-01 19:06:00,0.0099,normal,,0.1,-0.1,0.0
2026-01-01 19:07:00,0.0068,normal,,0.1,-0.1,0.0
2026-01-01 19:08:00,0.0145,normal,,0.1,-0.1,0.0
2026-01-01 19:09:00,-0.0101,normal,,0.1,-0.1,0.0
2026-01-01 19:10:00,-0.0224,normal,,0.1,-0.1,0.0
2026-01-01 19:11:00,-0.0014,normal,,0.1,-0.1,0.0
2026-01-01 19:12:00,0.0668,normal,,0.1,-0.1,0.0
2026-01-01 19:13:00,0.0087,normal,,0.1,-0.1,0.0
2026-01-01 19:14:00,-0.0393,normal,,0.1,-0.1,0.0
2026-01-01 19:15:00,0.014,normal,,0.1,-0.1,0.0
2026-01-01 19:16:00,-0.0006,normal,,0.1,-0.1,0.0
2026-01-01 19:17:00,-0.0062,normal,,0.1,-0.1,0.0
2026-01-01 19:18:00,0.0168,normal,,0.1,-0.1,0.0
2026-01-01 19:19:00,0.0043,normal,,0.1,-0.1,0.0
2026-01-01 19:20:00,-0.0207,normal,,0.1,-0.1,0.0
2026-01-01 19:21:00,-0.0264,normal,,0.1,-0.1,0.0
2026-01-01 19:22:00,0.0131,normal,,0.1,-0.1,0.0
2026-01-01 19:23:00,-0.0025,normal,,0.1,-0.1,0.0
2026-01-01 19:24:00,-0.0111,normal,,0.1,-0.1,0.0
2026-01-01 19:25:00,-0.0135,normal,,0.1,-0.1,0.0
2026-01-01 19:26:00,0.0014,normal,,0.1,-0.1,0.0
2026-01-01 19:27:00,0.0061,normal,,0.1,-0.1,0.0
2026-01-01 19:28:00,-0.0206,normal,,0.1,-0.1,0.0
2026-01-01 19:29:00,0.0069,normal,,0.1,-0.1,0.0
2026-01-01 19:30:00,0.0404,normal,,0.1,-0.1,0.0
2026-01-01 19:31:00,-0.0033,normal,,0.1,-0.1,0.0
2026-01-01 19:32:00,-0.0311,normal,,0.1,-0.1,0.0
2026-01-01 19:33:00,0.0255,normal,,0.1,-0.1,0.0
2026-01-01 19:34:00,0.0021,normal,,0.1,-0.1,0.0
2026-01-01 19:35:00,0.0145,normal,,0.1,-0.1,0.0
2026-01-01 19:36:00,-0.0034,normal,,0.1,-0.1,0.0
2026-01-01 19:37:00,-0.0463,normal,,0.1,-0.1,0.0
2026-01-01 19:38:00,0.0141,normal,,0.1,-0.1,0.0
2026-01-01 19:39:00,-0.0032,normal,,0.1,-0.1,0.0
2026-01-01 19:40:00,-0.0022,normal,,0.1,-0.1,0.0
2026-01-01 19:41:00,0.0069,normal,,0.1,-0.1,0.0
2026-01-01 19:42:00,0.0255,normal,,0.1,-0.1,0.0
2026-01-01 19:43:00,0.0169,normal,,0.1,-0.1,0.0
2026-01-01 19:44:00,-0.0082,normal,,0.1,-0.1,0.0
2026-01-01 19:45:00,-0.0136,normal,,0.1,-0.1,0.0
2026-01-01 19:46:00,-0.0039,normal,,0.1,-0.1,0.0
2026-01-01 19:47:00,-0.0128,normal,,0.1,-0.1,0.0
2026-01-01 19:48:00,0.008,normal,,0.1,-0.1,0.0
2026-01-01 19:49:00,0.0114,normal,,0.1,-0.1,0.0
2026-01-01 19:50:00,0.003,normal,,0.1,-0.1,0.0
2026-01-01 19:51:00,0.0006,normal,,0.1,-0.1,0.0
2026-01-01 19:52:00,0.0243,normal,,0.1,-0.1,0.0
2026-01-01 19:53:00,0.018,normal,,0.1,-0.1,0.0
2026-01-01 19:54:00,-0.0454,normal,,0.1,-0.1,0.0
2026-01-01 19:55:00,0.0021,normal,,0.1,-0.1,0.0
2026-01-01 19:56:00,0.0082,normal,,0.1,-0.1,0.0
2026-01-01 19:57:00,0.0135,normal,,0.1,-0.1,0.0
2026-01-01 19:58:00,-0.0416,normal,,0.1,-0.1,0.0
2026-01-01 19:59:00,-0.0392,normal,,0.1,-0.1,0.0
2026-01-01 20:00:00,0.0094,normal,,0.1,-0.1,0.0
2026-01-01 20:01:00,-0.0086,normal,,0.1,-0.1,0.0
2026-01-01 20:02:00,0.0285,normal,,0.1,-0.1,0.0
2026-01-01 20:03:00,-0.0461,normal,,0.1,-0.1,0.0
2026-01-01 20:04:00,0.0031,normal,,0.1,-0.1,0.0
2026-01-01 20:05:00,0.0133,normal,,0.1,-0.1,0.0
2026-01-01 20:06:00,0.0234,normal,,0.1,-0.1,0.0
2026-01-01 20:07:00,0.0372,normal,,0.1,-0.1,0.0
2026-01-01 20:08:00,0.0115,normal,,0.1,-0.1,0.0
2026-01-01 20:09:00,-0.0093,normal,,0.1,-0.1,0.0
2026-01-01 20:10:00,-0.0059,normal,,0.1,-0.1,0.0
2026-01-01 20:11:00,-0.0169,normal,,0.1,-0.1,0.0
2026-01-01 20:12:00,0.0337,normal,,0.1,-0.1,0.0
2026-01-01 20:13:00,-0.0447,normal,,0.1,-0.1,0.0
2026-01-01 20:14:00,-0.0303,normal,,0.1,-0.1,0.0
2026-01-01 20:15:00,-0.0262,normal,,0.1,-0.1,0.0
2026-01-01 20:16:00,0.0077,normal,,0.1,-0.1,0.0
2026-01-01 20:17:00,0.0048,normal,,0.1,-0.1,0.0
2026-01-01 20:18:00,0.0199,normal,,0.1,-0.1,0.0
2026-01-01 20:19:00,0.0097,normal,,0.1,-0.1,0.0
2026-01-01 20:20:00,-0.0304,normal,,0.1,-0.1,0.0
2026-01-01 20:21:00,0.0187,normal,,0.1,-0.1,0.0
2026-01-01 20:22:00,-0.0023,normal,,0.1,-0.1,0.0
2026-01-01 20:23:00,-0.0032,normal,,0.1,-0.1,0.0
2026-01-01 20:24:00,0.008,normal,,0.1,-0.1,0.0
2026-01-01 20:25:00,-0.0033,normal,,0.1,-0.1,0.0
2026-01-01 20:26:00,0.0176,normal,,0.1,-0.1,0.0
2026-01-01 20:27:00,0.0228,normal,,0.1,-0.1,0.0
2026-01-01 20:28:00,-0.0157,normal,,0.1,-0.1,0.0
2026-01-01 20:29:00,0.0007,normal,,0.1,-0.1,0.0
2026-01-01 20:30:00,-0.0201,normal,,0.1,-0.1,0.0
2026-01-01 20:31:00,-0.0145,normal,,0.1,-0.1,0.0
2026-01-01 20:32:00,-0.0347,normal,,0.1,-0.1,0.0
2026-01-01 20:33:00,0.0171,normal,,0.1,-0.1,0.0
2026-01-01 20:34:00,0.0194,normal,,0.1,-0.1,0.0
2026-01-01 20:35:00,0.0336,normal,,0.1,-0.1,0.0
2026-01-01 20:36:00,0.0004,normal,,0.1,-0.1,0.0
2026-01-01 20:37:00,0.0051,normal,,0.1,-0.1,0.0
2026-01-01 20:38:00,0.0016,normal,,0.1,-0.1,0.0
2026-01-01 20:39:00,-0.0081,normal,,0.1,-0.1,0.0
2026-01-01 20:40:00,-0.0477,normal,,0.1,-0.1,0.0
2026-01-01 20:41:00,0.0101,normal,,0.1,-0.1,0.0
2026-01-01 20:42:00,0.021,normal,,0.1,-0.1,0.0
2026-01-01 20:43:00,0.0243,normal,,0.1,-0.1,0.0
2026-01-01 20:44:00,-0.0211,normal,,0.1,-0.1,0.0
2026-01-01 20:45:00,-0.0125,normal,,0.1,-0.1,0.0
2026-01-01 20:46:00,-0.007,normal,,0.1,-0.1,0.0
2026-01-01 20:47:00,0.0007,normal,,0.1,-0.1,0.0
2026-01-01 20:48:00,0.0119,normal,,0.1,-0.1,0.0
2026-01-01 20:49:00,-0.0181,normal,,0.1,-0.1,0.0
2026-01-01 20:50:00,0.014,normal,,0.1,-0.1,0.0
2026-01-01 20:51:00,0.022,normal,,0.1,-0.1,0.0
2026-01-01 20:52:00,0.0148,normal,,0.1,-0.1,0.0
2026-01-01 20:53:00,-0.0402,normal,,0.1,-0.1,0.0
2026-01-01 20:54:00,0.0012,normal,,0.1,-0.1,0.0
2026-01-01 20:55:00,0.0095,normal,,0.1,-0.1,0.0
2026-01-01 20:56:00,0.022,normal,,0.1,-0.1,0.0
2026-01-01 20:57:00,0.0111,normal,,0.1,-0.1,0.0
2026-01-01 20:58:00,-0.0034,normal,,0.1,-0.1,0.0
2026-01-01 20:59:00,-0.0317,normal,,0.1,-0.1,0.0
2026-01-01 21:00:00,0.0199,normal,,0.1,-0.1,0.0
2026-01-01 21:01:00,-0.0107,normal,,0.1,-0.1,0.0
2026-01-01 21:02:00,0.0225,normal,,0.1,-0.1,0.0
2026-01-01 21:03:00,0.0189,normal,,0.1,-0.1,0.0
2026-01-01 21:04:00,0.001,normal,,0.1,-0.1,0.0
2026-01-01 21:05:00,-0.0138,normal,,0.1,-0.1,0.0
2026-01-01 21:06:00,-0.0319,normal,,0.1,-0.1,0.0
2026-01-01 21:07:00,0.0459,normal,,0.1,-0.1,0.0
2026-01-01 21:08:00,-0.0069,normal,,0.1,-0.1,0.0
2026-01-01 21:09:00,-0.0134,normal,,0.1,-0.1,0.0
2026-01-01 21:10:00,-0.0051,normal,,0.1,-0.1,0.0
2026-01-01 21:11:00,-0.0069,normal,,0.1,-0.1,0.0
2026-01-01 21:12:00,-0.0013,normal,,0.1,-0.1,0.0
2026-01-01 21:13:00,-0.0031,normal,,0.1,-0.1,0.0
2026-01-01 21:14:00,0.0049,normal,,0.1,-0.1,0.0
2026-01-01 21:15:00,0.0439,normal,,0.1,-0.1,0.0
2026-01-01 21:16:00,0.0073,normal,,0.1,-0.1,0.0
2026-01-01 21:17:00,0.0133,normal,,0.1,-0.1,0.0
2026-01-01 21:18:00,0.008,normal,,0.1,-0.1,0.0
2026-01-01 21:19:00,-0.0106,normal,,0.1,-0.1,0.0
2026-01-01 21:20:00,0.0096,normal,,0.1,-0.1,0.0
2026-01-01 21:21:00,0.0129,normal,,0.1,-0.1,0.0
2026-01-01 21:22:00,0.005,normal,,0.1,-0.1,0.0
2026-01-01 21:23:00,-0.0111,normal,,0.1,-0.1,0.0
2026-01-01 21:24:00,-0.0096,normal,,0.1,-0.1,0.0
2026-01-01 21:25:00,-0.0032,normal,,0.1,-0.1,0.0
2026-01-01 21:26:00,-0.0335,normal,,0.1,-0.1,0.0
2026-01-01 21:27:00,0.0063,normal,,0.1,-0.1,0.0
2026-01-01 21:28:00,-0.0042,normal,,0.1,-0.1,0.0
2026-01-01 21:29:00,-0.018,normal,,0.1,-0.1,0.0
2026-01-01 21:30:00,-0.0113,normal,,0.1,-0.1,0.0
2026-01-01 21:31:00,0.0165,normal,,0.1,-0.1,0.0
2026-01-01 21:32:00,-0.0202,normal,,0.1,-0.1,0.0
2026-01-01 21:33:00,-0.0062,normal,,0.1,-0.1,0.0
2026-01-01 21:34:00,-0.0112,normal,,0.1,-0.1,0.0
2026-01-01 21:35:00,-0.0032,normal,,0.1,-0.1,0.0
2026-01-01 21:36:00,0.0323,normal,,0.1,-0.1,0.0
2026-01-01 21:37:00,0.0166,normal,,0.1,-0.1,0.0
2026-01-01 21:38:00,0.0052,normal,,0.1,-0.1,0.0
2026-01-01 21:39:00,-0.0179,normal,,0.1,-0.1,0.0
2026-01-01 21:40:00,-0.0233,normal,,0.1,-0.1,0.0
2026-01-01 21:41:00,0.0098,normal,,0.1,-0.1,0.0
2026-01-01 21:42:00,0.0043,normal,,0.1,-0.1,0.0
2026-01-01 21:43:00,-0.0164,normal,,0.1,-0.1,0.0
2026-01-01 21:44:00,0.0408,normal,,0.1,-0.1,0.0
2026-01-01 21:45:00,-0.0051,normal,,0.1,-0.1,0.0
2026-01-01 21:46:00,-0.0053,normal,,0.1,-0.1,0.0
2026-01-01 21:47:00,0.0221,normal,,0.1,-0.1,0.0
2026-01-01 21:48:00,-0.0485,normal,,0.1,-0.1,0.0
2026-01-01 21:49:00,0.0141,normal,,0.1,-0.1,0.0
2026-01-01 21:50:00,-0.0032,normal,,0.1,-0.1,0.0
2026-01-01 21:51:00,0.0319,normal,,0.1,-0.1,0.0
2026-01-01 21:52:00,0.0158,normal,,0.1,-0.1,0.0
2026-01-01 21:53:00,0.0054,normal,,0.1,-0.1,0.0
2026-01-01 21:54:00,-0.03,normal,,0.1,-0.1,0.0
2026-01-01 21:55:00,-0.0082,normal,,0.1,-0.1,0.0
2026-01-01 21:56:00,0.0741,normal,,0.1,-0.1,0.0
2026-01-01 21:57:00,-0.0005,normal,,0.1,-0.1,0.0
2026-01-01 21:58:00,-0.0595,normal,,0.1,-0.1,0.0
2026-01-01 21:59:00,0.032,normal,,0.1,-0.1,0.0
2026-01-01 22:00:00,-0.0063,normal,,0.1,-0.1,0.0
2026-01-01 22:01:00,-0.0139,normal,,0.1,-0.1,0.0
2026-01-01 22:02:00,-0.0126,normal,,0.1,-0.1,0.0
2026-01-01 22:03:00,0.0163,normal,,0.1,-0.1,0.0
2026-01-01 22:04:00,-0.0011,normal,,0.1,-0.1,0.0
2026-01-01 22:05:00,0.0057,normal,,0.1,-0.1,0.0
2026-01-01 22:06:00,-0.0256,normal,,0.1,-0.1,0.0
2026-01-01 22:07:00,-0.0068,normal,,0.1,-0.1,0.0
2026-01-01 22:08:00,-0.0108,normal,,0.1,-0.1,0.0
2026-01-01 22:09:00,-0.0383,normal,,0.1,-0.1,0.0
2026-01-01 22:10:00,0.0144,normal,,0.1,-0.1,0.0
2026-01-01 22:11:00,-0.0039,normal,,0.1,-0.1,0.0
2026-01-01 22:12:00,-0.0152,normal,,0.1,-0.1,0.0
2026-01-01 22:13:00,-0.0028,normal,,0.1,-0.1,0.0
2026-01-01 22:14:00,-0.0063,normal,,0.1,-0.1,0.0
2026-01-01 22:15:00,0.0231,normal,,0.1,-0.1,0.0
2026-01-01 22:16:00,0.007,normal,,0.1,-0.1,0.0
2026-01-01 22:17:00,-0.0458,normal,,0.1,-0.1,0.0
2026-01-01 22:18:00,0.0017,normal,,0.1,-0.1,0.0
2026-01-01 22:19:00,-0.0037,normal,,0.1,-0.1,0.0
2026-01-01 22:20:00,0.0141,normal,,0.1,-0.1,0.0
2026-01-01 22:21:00,0.0016,normal,,0.1,-0.1,0.0
2026-01-01 22:22:00,-0.0088,normal,,0.1,-0.1,0.0
2026-01-01 22:23:00,-0.01,normal,,0.1,-0.1,0.0
2026-01-01 22:24:00,0.0238,normal,,0.1,-0.1,0.0
2026-01-01 22:25:00,0.0302,normal,,0.1,-0.1,0.0
2026-01-01 22:26:00,0.0049,normal,,0.1,-0.1,0.0
2026-01-01 22:27:00,-0.0195,normal,,0.1,-0.1,0.0
2026-01-01 22:28:00,0.0149,normal,,0.1,-0.1,0.0
2026-01-01 22:29:00,-0.0028,normal,,0.1,-0.1,0.0
2026-01-01 22:30:00,0.0312,normal,,0.1,-0.1,0.0
2026-01-01 22:31:00,0.0233,normal,,0.1,-0.1,0.0
2026-01-01 22:32:00,-0.0277,normal,,0.1,-0.1,0.0
2026-01-01 22:33:00,0.0211,normal,,0.1,-0.1,0.0
2026-01-01 22:34:00,0.0496,normal,,0.1,-0.1,0.0
2026-01-01 22:35:00,-0.0089,normal,,0.1,-0.1,0.0
2026-01-01 22:36:00,-0.0025,normal,,0.1,-0.1,0.0
2026-01-01 22:37:00,-0.007,normal,,0.1,-0.1,0.0
2026-01-01 22:38:00,-0.0129,normal,,0.1,-0.1,0.0
2026-01-01 22:39:00,0.0488,normal,,0.1,-0.1,0.0
2026-01-01 22:40:00,0.0281,normal,,0.1,-0.1,0.0
2026-01-01 22:41:00,-0.0133,normal,,0.1,-0.1,0.0
2026-01-01 22:42:00,-0.0278,normal,,0.1,-0.1,0.0
2026-01-01 22:43:00,-0.0041,normal,,0.1,-0.1,0.0
2026-01-01 22:44:00,-0.0127,normal,,0.1,-0.1,0.0
2026-01-01 22:45:00,-0.0248,normal,,0.1,-0.1,0.0
2026-01-01 22:46:00,-0.0,normal,,0.1,-0.1,0.0
2026-01-01 22:47:00,-0.0212,normal,,0.1,-0.1,0.0
2026-01-01 22:48:00,0.0361,normal,,0.1,-0.1,0.0
2026-01-01 22:49:00,0.014,normal,,0.1,-0.1,0.0
2026-01-01 22:50:00,0.0143,normal,,0.1,-0.1,0.0
2026-01-01 22:51:00,0.0284,normal,,0.1,-0.1,0.0
2026-01-01 22:52:00,0.0482,normal,,0.1,-0.1,0.0
2026-01-01 22:53:00,-0.0007,normal,,0.1,-0.1,0.0
2026-01-01 22:54:00,-0.0103,normal,,0.1,-0.1,0.0
2026-01-01 22:55:00,0.0032,normal,,0.1,-0.1,0.0
2026-01-01 22:56:00,-0.0169,normal,,0.1,-0.1,0.0
2026-01-01 22:57:00,-0.0281,normal,,0.1,-0.1,0.0
2026-01-01 22:58:00,-0.0054,normal,,0.1,-0.1,0.0
2026-01-01 22:59:00,0.0239,normal,,0.1,-0.1,0.0
2026-01-01 23:00:00,-0.0124,normal,,0.1,-0.1,0.0
2026-01-01 23:01:00,-0.015,normal,,0.1,-0.1,0.0
2026-01-01 23:02:00,0.028,normal,,0.1,-0.1,0.0
2026-01-01 23:03:00,-0.0131,normal,,0.1,-0.1,0.0
2026-01-01 23:04:00,0.0389,normal,,0.1,-0.1,0.0
2026-01-01 23:05:00,-0.0165,normal,,0.1,-0.1,0.0
2026-01-01 23:06:00,0.0147,normal,,0.1,-0.1,0.0
2026-01-01 23:07:00,0.0083,normal,,0.1,-0.1,0.0
2026-01-01 23:08:00,0.0092,normal,,0.1,-0.1,0.0
2026-01-01 23:09:00,-0.0112,normal,,0.1,-0.1,0.0
2026-01-01 23:10:00,-0.0018,normal,,0.1,-0.1,0.0
2026-01-01 23:11:00,0.0043,normal,,0.1,-0.1,0.0
2026-01-01 23:12:00,0.0054,normal,,0.1,-0.1,0.0
2026-01-01 23:13:00,-0.0121,normal,,0.1,-0.1,0.0
2026-01-01 23:14:00,-0.0441,normal,,0.1,-0.1,0.0
2026-01-01 23:15:00,-0.0012,normal,,0.1,-0.1,0.0
2026-01-01 23:16:00,0.001,normal,,0.1,-0.1,0.0
2026-01-01 23:17:00,0.0072,normal,,0.1,-0.1,0.0
2026-01-01 23:18:00,-0.0008,normal,,0.1,-0.1,0.0
2026-01-01 23:19:00,0.0154,normal,,0.1,-0.1,0.0
2026-01-01 23:20:00,-0.0048,normal,,0.1,-0.1,0.0
2026-01-01 23:21:00,0.0085,normal,,0.1,-0.1,0.0
2026-01-01 23:22:00,0.0294,normal,,0.1,-0.1,0.0
2026-01-01 23:23:00,0.0044,normal,,0.1,-0.1,0.0
2026-01-01 23:24:00,-0.0056,normal,,0.1,-0.1,0.0
2026-01-01 23:25:00,-0.0077,normal,,0.1,-0.1,0.0
2026-01-01 23:26:00,-0.0536,normal,,0.1,-0.1,0.0
2026-01-01 23:27:00,-0.0083,normal,,0.1,-0.1,0.0
2026-01-01 23:28:00,-0.0186,normal,,0.1,-0.1,0.0
2026-01-01 23:29:00,-0.011,normal,,0.1,-0.1,0.0
2026-01-01 23:30:00,0.0194,normal,,0.1,-0.1,0.0
2026-01-01 23:31:00,-0.0282,normal,,0.1,-0.1,0.0
2026-01-01 23:32:00,-0.0008,normal,,0.1,-0.1,0.0
2026-01-01 23:33:00,0.0355,normal,,0.1,-0.1,0.0
2026-01-01 23:34:00,-0.0058,normal,,0.1,-0.1,0.0
2026-01-01 23:35:00,-0.0399,normal,,0.1,-0.1,0.0
2026-01-01 23:36:00,0.012,normal,,0.1,-0.1,0.0
2026-01-01 23:37:00,-0.0075,normal,,0.1,-0.1,0.0
2026-01-01 23:38:00,0.0012,normal,,0.1,-0.1,0.0
2026-01-01 23:39:00,0.0268,normal,,0.1,-0.1,0.0
2026-01-01 23:40:00,0.0115,normal,,0.1,-0.1,0.0
2026-01-01 23:41:00,0.0093,normal,,0.1,-0.1,0.0
2026-01-01 23:42:00,0.0155,normal,,0.1,-0.1,0.0
2026-01-01 23:43:00,0.0195,normal,,0.1,-0.1,0.0
2026-01-01 23:44:00,-0.0132,normal,,0.1,-0.1,0.0
2026-01-01 23:45:00,-0.0148,normal,,0.1,-0.1,0.0
2026-01-01 23:46:00,0.034,normal,,0.1,-0.1,0.0
2026-01-01 23:47:00,-0.0326,normal,,0.1,-0.1,0.0
2026-01-01 23:48:00,0.0036,normal,,0.1,-0.1,0.0
2026-01-01 23:49:00,0.0055,normal,,0.1,-0.1,0.0
2026-01-01 23:50:00,0.0303,normal,,0.1,-0.1,0.0
2026-01-01 23:51:00,0.0205,normal,,0.1,-0.1,0.0
2026-01-01 23:52:00,-0.0139,normal,,0.1,-0.1,0.0
2026-01-01 23:53:00,0.0055,normal,,0.1,-0.1,0.0
2026-01-01 23:54:00,-0.0222,normal,,0.1,-0.1,0.0
2026-01-01 23:55:00,0.0046,normal,,0.1,-0.1,0.0
2026-01-01 23:56:00,-0.0466,normal,,0.1,-0.1,0.0
2026-01-01 23:57:00,-0.0026,normal,,0.1,-0.1,0.0
2026-01-01 23:58:00,0.0204,normal,,0.1,-0.1,0.0
2026-01-01 23:59:00,-0.029,normal,,0.1,-0.1,0.0
2026-01-02 00:00:00,-0.036,normal,,0.1,-0.1,0.0
2026-01-02 00:01:00,-0.0005,normal,,0.1,-0.1,0.0
2026-01-02 00:02:00,0.0135,normal,,0.1,-0.1,0.0
2026-01-02 00:03:00,-0.0119,normal,,0.1,-0.1,0.0
2026-01-02 00:04:00,-0.0196,normal,,0.1,-0.1,0.0
2026-01-02 00:05:00,0.011,normal,,0.1,-0.1,0.0
2026-01-02 00:06:00,-0.0266,normal,,0.1,-0.1,0.0
2026-01-02 00:07:00,-0.0047,normal,,0.1,-0.1,0.0
2026-01-02 00:08:00,0.0454,normal,,0.1,-0.1,0.0
2026-01-02 00:09:00,-0.0267,normal,,0.1,-0.1,0.0
2026-01-02 00:10:00,0.0416,normal,,0.1,-0.1,0.0
2026-01-02 00:11:00,0.0394,normal,,0.1,-0.1,0.0
2026-01-02 00:12:00,0.0033,normal,,0.1,-0.1,0.0
2026-01-02 00:13:00,0.0051,normal,,0.1,-0.1,0.0
2026-01-02 00:14:00,0.02,normal,,0.1,-0.1,0.0
2026-01-02 00:15:00,-0.0616,normal,,0.1,-0.1,0.0
2026-01-02 00:16:00,-0.0213,normal,,0.1,-0.1,0.0
2026-01-02 00:17:00,-0.0116,normal,,0.1,-0.1,0.0
2026-01-02 00:18:00,-0.0026,normal,,0.1,-0.1,0.0
2026-01-02 00:19:00,-0.0061,normal,,0.1,-0.1,0.0
2026-01-02 00:20:00,0.0303,normal,,0.1,-0.1,0.0
2026-01-02 00:21:00,0.0022,normal,,0.1,-0.1,0.0
2026-01-02 00:22:00,0.0221,normal,,0.1,-0.1,0.0
2026-01-02 00:23:00,0.0078,normal,,0.1,-0.1,0.0
2026-01-02 00:24:00,-0.0061,normal,,0.1,-0.1,0.0
2026-01-02 00:25:00,-0.02,normal,,0.1,-0.1,0.0
2026-01-02 00:26:00,0.0157,normal,,0.1,-0.1,0.0
2026-01-02 00:27:00,0.0012,normal,,0.1,-0.1,0.0
2026-01-02 00:28:00,0.0034,normal,,0.1,-0.1,0.0
2026-01-02 00:29:00,-0.0003,normal,,0.1,-0.1,0.0
2026-01-02 00:30:00,-0.0275,normal,,0.1,-0.1,0.0
2026-01-02 00:31:00,0.0439,normal,,0.1,-0.1,0.0
2026-01-02 00:32:00,-0.0073,normal,,0.1,-0.1,0.0
2026-01-02 00:33:00,-0.0003,normal,,0.1,-0.1,0.0
2026-01-02 00:34:00,-0.0016,normal,,0.1,-0.1,0.0
2026-01-02 00:35:00,0.0042,normal,,0.1,-0.1,0.0
2026-01-02 00:36:00,0.0025,normal,,0.1,-0.1,0.0
2026-01-02 00:37:00,-0.0064,normal,,0.1,-0.1,0.0
2026-01-02 00:38:00,-0.0145,normal,,0.1,-0.1,0.0
2026-01-02 00:39:00,-0.0282,normal,,0.1,-0.1,0.0
2026-01-02 00:40:00,-0.012,normal,,0.1,-0.1,0.0
2026-01-02 00:41:00,-0.0052,normal,,0.1,-0.1,0.0
2026-01-02 00:42:00,0.0014,normal,,0.1,-0.1,0.0
2026-01-02 00:43:00,-0.0019,normal,,0.1,-0.1,0.0
2026-01-02 00:44:00,0.0044,normal,,0.1,-0.1,0.0
2026-01-02 00:45:00,0.0196,normal,,0.1,-0.1,0.0
2026-01-02 00:46:00,-0.0107,normal,,0.1,-0.1,0.0
2026-01-02 00:47:00,0.009,normal,,0.1,-0.1,0.0
2026-01-02 00:48:00,-0.0344,normal,,0.1,-0.1,0.0
2026-01-02 00:49:00,0.0073,normal,,0.1,-0.1,0.0
2026-01-02 00:50:00,-0.0026,normal,,0.1,-0.1,0.0
2026-01-02 00:51:00,0.0208,normal,,0.1,-0.1,0.0
2026-01-02 00:52:00,-0.0006,normal,,0.1,-0.1,0.0
2026-01-02 00:53:00,0.0253,normal,,0.1,-0.1,0.0
2026-01-02 00:54:00,0.0049,normal,,0.1,-0.1,0.0
2026-01-02 00:55:00,-0.0299,normal,,0.1,-0.1,0.0
2026-01-02 00:56:00,-0.0096,normal,,0.1,-0.1,0.0
2026-01-02 00:57:00,0.0226,normal,,0.1,-0.1,0.0
2026-01-02 00:58:00,0.0412,normal,,0.1,-0.1,0.0
2026-01-02 00:59:00,-0.0151,normal,,0.1,-0.1,0.0
2026-01-02 01:00:00,0.0017,normal,,0.1,-0.1,0.0
2026-01-02 01:01:00,0.0141,normal,,0.1,-0.1,0.0
2026-01-02 01:02:00,0.0344,normal,,0.1,-0.1,0.0
2026-01-02 01:03:00,-0.0041,normal,,0.1,-0.1,0.0
2026-01-02 01:04:00,-0.0085,normal,,0.1,-0.1,0.0
2026-01-02 01:05:00,-0.0186,normal,,0.1,-0.1,0.0
2026-01-02 01:06:00,0.0125,normal,,0.1,-0.1,0.0
2026-01-02 01:07:00,0.0017,normal,,0.1,-0.1,0.0
2026-01-02 01:08:00,0.0037,normal,,0.1,-0.1,0.0
2026-01-02 01:09:00,0.0227,normal,,0.1,-0.1,0.0
2026-01-02 01:10:00,0.0309,normal,,0.1,-0.1,0.0
2026-01-02 01:11:00,0.0022,normal,,0.1,-0.1,0.0
2026-01-02 01:12:00,-0.0008,normal,,0.1,-0.1,0.0
2026-01-02 01:13:00,0.0132,normal,,0.1,-0.1,0.0
2026-01-02 01:14:00,-0.001,normal,,0.1,-0.1,0.0
2026-01-02 01:15:00,0.0437,normal,,0.1,-0.1,0.0
2026-01-02 01:16:00,0.0409,normal,,0.1,-0.1,0.0
2026-01-02 01:17:00,-0.0383,normal,,0.1,-0.1,0.0
2026-01-02 01:18:00,0.0133,normal,,0.1,-0.1,0.0
2026-01-02 01:19:00,-0.0253,normal,,0.1,-0.1,0.0
2026-01-02 01:20:00,-0.0221,normal,,0.1,-0.1,0.0
2026-01-02 01:21:00,0.0351,normal,,0.1,-0.1,0.0
2026-01-02 01:22:00,0.0158,normal,,0.1,-0.1,0.0
2026-01-02 01:23:00,-0.0114,normal,,0.1,-0.1,0.0
2026-01-02 01:24:00,-0.0183,normal,,0.1,-0.1,0.0
2026-01-02 01:25:00,-0.0265,normal,,0.1,-0.1,0.0
2026-01-02 01:26:00,0.0261,normal,,0.1,-0.1,0.0
2026-01-02 01:27:00,0.0176,normal,,0.1,-0.1,0.0
2026-01-02 01:28:00,-0.0165,normal,,0.1,-0.1,0.0
2026-01-02 01:29:00,0.0077,normal,,0.1,-0.1,0.0
2026-01-02 01:30:00,0.0221,normal,,0.1,-0.1,0.0
2026-01-02 01:31:00,-0.0481,normal,,0.1,-0.1,0.0
2026-01-02 01:32:00,0.0237,normal,,0.1,-0.1,0.0
2026-01-02 01:33:00,-0.0065,normal,,0.1,-0.1,0.0
2026-01-02 01:34:00,0.0137,normal,,0.1,-0.1,0.0
2026-01-02 01:35:00,0.0452,normal,,0.1,-0.1,0.0
2026-01-02 01:36:00,-0.0101,normal,,0.1,-0.1,0.0
2026-01-02 01:37:00,-0.0249,normal,,0.1,-0.1,0.0
2026-01-02 01:38:00,-0.0012,normal,,0.1,-0.1,0.0
2026-01-02 01:39:00,0.0346,normal,,0.1,-0.1,0.0
2026-01-02 01:40:00,0.0119,normal,,0.1,-0.1,0.0
2026-01-02 01:41:00,0.0261,normal,,0.1,-0.1,0.0
2026-01-02 01:42:00,0.0165,normal,,0.1,-0.1,0.0
2026-01-02 01:43:00,0.0331,normal,,0.1,-0.1,0.0
2026-01-02 01:44:00,0.0198,normal,,0.1,-0.1,0.0
2026-01-02 01:45:00,-0.0273,normal,,0.1,-0.1,0.0
2026-01-02 01:46:00,-0.005,normal,,0.1,-0.1,0.0
2026-01-02 01:47:00,-0.0198,normal,,0.1,-0.1,0.0
2026-01-02 01:48:00,-0.0336,normal,,0.1,-0.1,0.0
2026-01-02 01:49:00,-0.0203,normal,,0.1,-0.1,0.0
2026-01-02 01:50:00,-0.0504,normal,,0.1,-0.1,0.0
2026-01-02 01:51:00,0.0432,normal,,0.1,-0.1,0.0
2026-01-02 01:52:00,-0.0296,normal,,0.1,-0.1,0.0
2026-01-02 01:53:00,-0.0153,normal,,0.1,-0.1,0.0
2026-01-02 01:54:00,-0.0002,normal,,0.1,-0.1,0.0
2026-01-02 01:55:00,0.0271,normal,,0.1,-0.1,0.0
2026-01-02 01:56:00,0.0234,normal,,0.1,-0.1,0.0
2026-01-02 01:57:00,-0.0255,normal,,0.1,-0.1,0.0
2026-01-02 01:58:00,0.0011,normal,,0.1,-0.1,0.0
2026-01-02 01:59:00,-0.001,normal,,0.1,-0.1,0.0
2026-01-02 02:00:00,0.0108,normal,,0.1,-0.1,0.0
2026-01-02 02:01:00,0.0018,normal,,0.1,-0.1,0.0
2026-01-02 02:02:00,-0.0377,normal,,0.1,-0.1,0.0
2026-01-02 02:03:00,0.0187,normal,,0.1,-0.1,0.0
2026-01-02 02:04:00,-0.0213,normal,,0.1,-0.1,0.0
2026-01-02 02:05:00,0.0424,normal,,0.1,-0.1,0.0
2026-01-02 02:06:00,0.0004,normal,,0.1,-0.1,0.0
2026-01-02 02:07:00,0.0042,normal,,0.1,-0.1,0.0
2026-01-02 02:08:00,0.029,normal,,0.1,-0.1,0.0
2026-01-02 02:09:00,0.0121,normal,,0.1,-0.1,0.0
2026-01-02 02:10:00,-0.0086,normal,,0.1,-0.1,0.0
2026-01-02 02:11:00,0.0242,normal,,0.1,-0.1,0.0
2026-01-02 02:12:00,0.0139,normal,,0.1,-0.1,0.0
2026-01-02 02:13:00,0.0038,normal,,0.1,-0.1,0.0
2026-01-02 02:14:00,0.018,normal,,0.1,-0.1,0.0
2026-01-02 02:15:00,0.0198,normal,,0.1,-0.1,0.0
2026-01-02 02:16:00,0.026,normal,,0.1,-0.1,0.0
2026-01-02 02:17:00,-0.0017,normal,,0.1,-0.1,0.0
2026-01-02 02:18:00,0.0178,normal,,0.1,-0.1,0.0
2026-01-02 02:19:00,0.0025,normal,,0.1,-0.1,0.0
2026-01-02 02:20:00,-0.0088,normal,,0.1,-0.1,0.0
2026-01-02 02:21:00,-0.0054,normal,,0.1,-0.1,0.0
2026-01-02 02:22:00,0.0102,normal,,0.1,-0.1,0.0
2026-01-02 02:23:00,0.0147,normal,,0.1,-0.1,0.0
2026-01-02 02:24:00,0.0185,normal,,0.1,-0.1,0.0
2026-01-02 02:25:00,0.0098,normal,,0.1,-0.1,0.0
2026-01-02 02:26:00,0.0046,normal,,0.1,-0.1,0.0
2026-01-02 02:27:00,-0.0112,normal,,0.1,-0.1,0.0
2026-01-02 02:28:00,0.006,normal,,0.1,-0.1,0.0
2026-01-02 02:29:00,-0.0181,normal,,0.1,-0.1,0.0
2026-01-02 02:30:00,0.0184,normal,,0.1,-0.1,0.0
2026-01-02 02:31:00,0.0137,normal,,0.1,-0.1,0.0
2026-01-02 02:32:00,0.0128,normal,,0.1,-0.1,0.0
2026-01-02 02:33:00,-0.0342,normal,,0.1,-0.1,0.0
2026-01-02 02:34:00,0.0037,normal,,0.1,-0.1,0.0
2026-01-02 02:35:00,-0.0328,normal,,0.1,-0.1,0.0
2026-01-02 02:36:00,0.002,normal,,0.1,-0.1,0.0
2026-01-02 02:37:00,-0.0045,normal,,0.1,-0.1,0.0
2026-01-02 02:38:00,-0.0006,normal,,0.1,-0.1,0.0
2026-01-02 02:39:00,0.0391,normal,,0.1,-0.1,0.0
2026-01-02 02:40:00,-0.0427,normal,,0.1,-0.1,0.0
2026-01-02 02:41:00,0.0141,normal,,0.1,-0.1,0.0
2026-01-02 02:42:00,-0.0007,normal,,0.1,-0.1,0.0
2026-01-02 02:43:00,-0.0306,normal,,0.1,-0.1,0.0
2026-01-02 02:44:00,0.0114,normal,,0.1,-0.1,0.0
2026-01-02 02:45:00,0.0257,normal,,0.1,-0.1,0.0
2026-01-02 02:46:00,-0.0147,normal,,0.1,-0.1,0.0
2026-01-02 02:47:00,0.0251,normal,,0.1,-0.1,0.0
2026-01-02 02:48:00,0.0013,normal,,0.1,-0.1,0.0
2026-01-02 02:49:00,0.0402,normal,,0.1,-0.1,0.0
2026-01-02 02:50:00,-0.0061,normal,,0.1,-0.1,0.0
2026-01-02 02:51:00,0.0017,normal,,0.1,-0.1,0.0
2026-01-02 02:52:00,-0.0307,normal,,0.1,-0.1,0.0
2026-01-02 02:53:00,-0.0041,normal,,0.1,-0.1,0.0
2026-01-02 02:54:00,-0.0133,normal,,0.1,-0.1,0.0
2026-01-02 02:55:00,-0.0259,normal,,0.1,-0.1,0.0
2026-01-02 02:56:00,0.0249,normal,,0.1,-0.1,0.0
2026-01-02 02:57:00,-0.0265,normal,,0.1,-0.1,0.0
2026-01-02 02:58:00,-0.0026,normal,,0.1,-0.1,0.0
2026-01-02 02:59:00,-0.0249,normal,,0.1,-0.1,0.0
2026-01-02 03:00:00,0.0271,normal,,0.1,-0.1,0.0
2026-01-02 03:01:00,-0.0012,normal,,0.1,-0.1,0.0
2026-01-02 03:02:00,0.045,normal,,0.1,-0.1,0.0
2026-01-02 03:03:00,-0.0096,normal,,0.1,-0.1,0.0
2026-01-02 03:04:00,0.004,normal,,0.1,-0.1,0.0
2026-01-02 03:05:00,0.0019,normal,,0.1,-0.1,0.0
2026-01-02 03:06:00,-0.0221,normal,,0.1,-0.1,0.0
2026-01-02 03:07:00,0.0072,normal,,0.1,-0.1,0.0
2026-01-02 03:08:00,-0.0135,normal,,0.1,-0.1,0.0
2026-01-02 03:09:00,0.0429,normal,,0.1,-0.1,0.0
2026-01-02 03:10:00,-0.0335,anomaly,gradual_drift,0.1,-0.1,0.0
2026-01-02 03:11:00,-0.0218,anomaly,gradual_drift,0.1,-0.1,0.0
2026-01-02 03:12:00,0.0143,anomaly,gradual_drift,0.1,-0.1,0.0
2026-01-02 03:13:00,0.0212,anomaly,gradual_drift,0.1,-0.1,0.0
2026-01-02 03:14:00,-0.007,anomaly,gradual_drift,0.1,-0.1,0.0
2026-01-02 03:15:00,-0.0331,anomaly,gradual_drift,0.1,-0.1,0.0
2026-01-02 03:16:00,0.0815,anomaly,variance_increase,0.1,-0.1,0.0
2026-01-02 03:17:00,-0.0071,anomaly,variance_increase,0.1,-0.1,0.0
2026-01-02 03:18:00,0.0355,anomaly,variance_increase,0.1,-0.1,0.0
2026-01-02 03:19:00,0.1149,anomaly,variance_increase,0.1,-0.1,0.0
2026-01-02 03:20:00,0.0455,anomaly,variance_increase,0.1,-0.1,0.0
2026-01-02 03:21:00,0.0314,anomaly,variance_increase,0.1,-0.1,0.0
2026-01-02 03:22:00,0.0935,anomaly,variance_increase,0.1,-0.1,0.0
2026-01-02 03:23:00,-0.0218,anomaly,variance_increase,0.1,-0.1,0.0
2026-01-02 03:24:00,0.0095,anomaly,variance_increase,0.1,-0.1,0.0
2026-01-02 03:25:00,-0.0182,anomaly,variance_increase,0.1,-0.1,0.0
2026-01-02 03:26:00,-0.033,anomaly,variance_increase,0.1,-0.1,0.0
2026-01-02 03:27:00,0.0739,anomaly,variance_increase,0.1,-0.1,0.0
2026-01-02 03:28:00,-0.0828,anomaly,variance_increase,0.1,-0.1,0.0
2026-01-02 03:29:00,0.0253,anomaly,variance_increase,0.1,-0.1,0.0
2026-01-02 03:30:00,-0.0414,anomaly,variance_increase,0.1,-0.1,0.0
2026-01-02 03:31:00,-0.0582,anomaly,variance_increase,0.1,-0.1,0.0
2026-01-02 03:32:00,0.0772,anomaly,variance_increase,0.1,-0.1,0.0
2026-01-02 03:33:00,0.0703,anomaly,variance_increase,0.1,-0.1,0.0
2026-01-02 03:34:00,0.1159,anomaly,variance_increase,0.1,-0.1,0.0
2026-01-02 03:35:00,0.0451,anomaly,variance_increase,0.1,-0.1,0.0
2026-01-02 03:36:00,0.0333,anomaly,variance_increase,0.1,-0.1,0.0
2026-01-02 03:37:00,-0.0645,anomaly,variance_increase,0.1,-0.1,0.0
2026-01-02 03:38:00,0.0019,anomaly,variance_increase,0.1,-0.1,0.0
2026-01-02 03:39:00,0.0649,anomaly,variance_increase,0.1,-0.1,0.0
2026-01-02 03:40:00,0.0598,anomaly,variance_increase,0.1,-0.1,0.0
2026-01-02 03:41:00,0.0763,anomaly,variance_increase,0.1,-0.1,0.0
2026-01-02 03:42:00,0.0456,anomaly,variance_increase,0.1,-0.1,0.0
2026-01-02 03:43:00,0.0168,anomaly,variance_increase,0.1,-0.1,0.0
2026-01-02 03:44:00,-0.0297,anomaly,variance_increase,0.1,-0.1,0.0
2026-01-02 03:45:00,-0.0373,anomaly,variance_increase,0.1,-0.1,0.0
2026-01-02 03:46:00,0.1008,anomaly,variance_increase,0.1,-0.1,0.0
2026-01-02 03:47:00,-0.0182,anomaly,variance_increase,0.1,-0.1,0.0
2026-01-02 03:48:00,0.0103,anomaly,variance_increase,0.1,-0.1,0.0
2026-01-02 03:49:00,0.0135,anomaly,variance_increase,0.1,-0.1,0.0
2026-01-02 03:50:00,-0.04,anomaly,variance_increase,0.1,-0.1,0.0
2026-01-02 03:51:00,-0.0577,anomaly,variance_increase,0.1,-0.1,0.0
2026-01-02 03:52:00,-0.0006,anomaly,variance_increase,0.1,-0.1,0.0
2026-01-02 03:53:00,0.024,anomaly,variance_increase,0.1,-0.1,0.0
2026-01-02 03:54:00,0.0038,anomaly,variance_increase,0.1,-0.1,0.0
2026-01-02 03:55:00,0.0923,anomaly,variance_increase,0.1,-0.1,0.0
2026-01-02 03:56:00,-0.0805,anomaly,variance_increase,0.1,-0.1,0.0
2026-01-02 03:57:00,0.0263,anomaly,variance_increase,0.1,-0.1,0.0
2026-01-02 03:58:00,-0.0575,anomaly,variance_increase,0.1,-0.1,0.0
2026-01-02 03:59:00,0.03,anomaly,variance_increase,0.1,-0.1,0.0
2026-01-02 04:00:00,0.0037,normal,,0.1,-0.1,0.0
2026-01-02 04:01:00,0.0209,normal,,0.1,-0.1,0.0
2026-01-02 04:02:00,0.0287,normal,,0.1,-0.1,0.0
2026-01-02 04:03:00,-0.002,normal,,0.1,-0.1,0.0
2026-01-02 04:04:00,-0.0247,normal,,0.1,-0.1,0.0
2026-01-02 04:05:00,-0.0068,normal,,0.1,-0.1,0.0
2026-01-02 04:06:00,-0.0172,normal,,0.1,-0.1,0.0
2026-01-02 04:07:00,0.0171,normal,,0.1,-0.1,0.0
2026-01-02 04:08:00,-0.0018,normal,,0.1,-0.1,0.0
2026-01-02 04:09:00,0.031,normal,,0.1,-0.1,0.0
2026-01-02 04:10:00,-0.0452,normal,,0.1,-0.1,0.0
2026-01-02 04:11:00,-0.0187,normal,,0.1,-0.1,0.0
2026-01-02 04:12:00,0.0102,normal,,0.1,-0.1,0.0
2026-01-02 04:13:00,-0.0144,normal,,0.1,-0.1,0.0
2026-01-02 04:14:00,-0.0041,normal,,0.1,-0.1,0.0
2026-01-02 04:15:00,0.0112,normal,,0.1,-0.1,0.0
2026-01-02 04:16:00,0.0395,normal,,0.1,-0.1,0.0
2026-01-02 04:17:00,-0.0221,normal,,0.1,-0.1,0.0
2026-01-02 04:18:00,0.023,normal,,0.1,-0.1,0.0
2026-01-02 04:19:00,-0.015,normal,,0.1,-0.1,0.0
2026-01-02 04:20:00,0.0065,normal,,0.1,-0.1,0.0
2026-01-02 04:21:00,0.0048,normal,,0.1,-0.1,0.0
2026-01-02 04:22:00,0.0071,normal,,0.1,-0.1,0.0
2026-01-02 04:23:00,0.0485,normal,,0.1,-0.1,0.0
2026-01-02 04:24:00,0.0052,normal,,0.1,-0.1,0.0
2026-01-02 04:25:00,0.0166,normal,,0.1,-0.1,0.0
2026-01-02 04:26:00,-0.0105,normal,,0.1,-0.1,0.0
2026-01-02 04:27:00,-0.0121,normal,,0.1,-0.1,0.0
2026-01-02 04:28:00,0.0219,normal,,0.1,-0.1,0.0
2026-01-02 04:29:00,0.0088,normal,,0.1,-0.1,0.0
2026-01-02 04:30:00,-0.0194,normal,,0.1,-0.1,0.0
2026-01-02 04:31:00,0.0027,normal,,0.1,-0.1,0.0
2026-01-02 04:32:00,-0.0043,normal,,0.1,-0.1,0.0
2026-01-02 04:33:00,-0.0222,normal,,0.1,-0.1,0.0
2026-01-02 04:34:00,0.0094,normal,,0.1,-0.1,0.0
2026-01-02 04:35:00,-0.0054,normal,,0.1,-0.1,0.0
2026-01-02 04:36:00,0.0552,normal,,0.1,-0.1,0.0
2026-01-02 04:37:00,-0.0152,normal,,0.1,-0.1,0.0
2026-01-02 04:38:00,0.0037,normal,,0.1,-0.1,0.0
2026-01-02 04:39:00,-0.034,normal,,0.1,-0.1,0.0
2026-01-02 04:40:00,-0.0209,normal,,0.1,-0.1,0.0
2026-01-02 04:41:00,0.0002,normal,,0.1,-0.1,0.0
2026-01-02 04:42:00,0.0231,normal,,0.1,-0.1,0.0
2026-01-02 04:43:00,-0.0262,normal,,0.1,-0.1,0.0
2026-01-02 04:44:00,-0.0505,normal,,0.1,-0.1,0.0
2026-01-02 04:45:00,-0.0057,normal,,0.1,-0.1,0.0
2026-01-02 04:46:00,-0.0356,normal,,0.1,-0.1,0.0
2026-01-02 04:47:00,0.0401,normal,,0.1,-0.1,0.0
2026-01-02 04:48:00,-0.0107,normal,,0.1,-0.1,0.0
2026-01-02 04:49:00,-0.03,normal,,0.1,-0.1,0.0
2026-01-02 04:50:00,0.0292,normal,,0.1,-0.1,0.0
2026-01-02 04:51:00,0.031,normal,,0.1,-0.1,0.0
2026-01-02 04:52:00,0.0178,normal,,0.1,-0.1,0.0
2026-01-02 04:53:00,-0.0066,normal,,0.1,-0.1,0.0
2026-01-02 04:54:00,0.0073,normal,,0.1,-0.1,0.0
2026-01-02 04:55:00,-0.0101,normal,,0.1,-0.1,0.0
2026-01-02 04:56:00,0.0002,normal,,0.1,-0.1,0.0
2026-01-02 04:57:00,0.006,normal,,0.1,-0.1,0.0
2026-01-02 04:58:00,-0.0055,normal,,0.1,-0.1,0.0
2026-01-02 04:59:00,-0.006,normal,,0.1,-0.1,0.0
2026-01-02 05:00:00,0.0085,normal,,0.1,-0.1,0.0
2026-01-02 05:01:00,0.0236,normal,,0.1,-0.1,0.0
2026-01-02 05:02:00,-0.015,normal,,0.1,-0.1,0.0
2026-01-02 05:03:00,0.0281,normal,,0.1,-0.1,0.0
2026-01-02 05:04:00,-0.0059,normal,,0.1,-0.1,0.0
2026-01-02 05:05:00,-0.0078,normal,,0.1,-0.1,0.0
2026-01-02 05:06:00,-0.0219,normal,,0.1,-0.1,0.0
2026-01-02 05:07:00,-0.0007,normal,,0.1,-0.1,0.0
2026-01-02 05:08:00,0.0041,normal,,0.1,-0.1,0.0
2026-01-02 05:09:00,-0.0194,normal,,0.1,-0.1,0.0
2026-01-02 05:10:00,-0.0063,normal,,0.1,-0.1,0.0
2026-01-02 05:11:00,-0.02,normal,,0.1,-0.1,0.0
2026-01-02 05:12:00,0.02,normal,,0.1,-0.1,0.0
2026-01-02 05:13:00,0.039,normal,,0.1,-0.1,0.0
2026-01-02 05:14:00,0.0445,normal,,0.1,-0.1,0.0
2026-01-02 05:15:00,-0.0104,normal,,0.1,-0.1,0.0
2026-01-02 05:16:00,-0.0135,normal,,0.1,-0.1,0.0
2026-01-02 05:17:00,0.0122,normal,,0.1,-0.1,0.0
2026-01-02 05:18:00,0.0299,normal,,0.1,-0.1,0.0
2026-01-02 05:19:00,-0.01,normal,,0.1,-0.1,0.0
2026-01-02 05:20:00,-0.0092,normal,,0.1,-0.1,0.0
2026-01-02 05:21:00,0.0035,normal,,0.1,-0.1,0.0
2026-01-02 05:22:00,-0.0078,normal,,0.1,-0.1,0.0
2026-01-02 05:23:00,0.0376,normal,,0.1,-0.1,0.0
2026-01-02 05:24:00,-0.0209,normal,,0.1,-0.1,0.0
2026-01-02 05:25:00,0.0189,normal,,0.1,-0.1,0.0
2026-01-02 05:26:00,0.0038,normal,,0.1,-0.1,0.0
2026-01-02 05:27:00,0.0045,normal,,0.1,-0.1,0.0
2026-01-02 05:28:00,0.025,normal,,0.1,-0.1,0.0
2026-01-02 05:29:00,0.004,normal,,0.1,-0.1,0.0
2026-01-02 05:30:00,0.0001,normal,,0.1,-0.1,0.0
2026-01-02 05:31:00,-0.0205,normal,,0.1,-0.1,0.0
2026-01-02 05:32:00,0.0371,normal,,0.1,-0.1,0.0
2026-01-02 05:33:00,0.0341,normal,,0.1,-0.1,0.0
2026-01-02 05:34:00,-0.0093,normal,,0.1,-0.1,0.0
2026-01-02 05:35:00,0.0405,normal,,0.1,-0.1,0.0
2026-01-02 05:36:00,0.0199,normal,,0.1,-0.1,0.0
2026-01-02 05:37:00,-0.0151,normal,,0.1,-0.1,0.0
2026-01-02 05:38:00,0.003,normal,,0.1,-0.1,0.0
2026-01-02 05:39:00,0.0191,normal,,0.1,-0.1,0.0
2026-01-02 05:40:00,-0.0124,normal,,0.1,-0.1,0.0
2026-01-02 05:41:00,-0.0166,normal,,0.1,-0.1,0.0
2026-01-02 05:42:00,-0.0038,normal,,0.1,-0.1,0.0
2026-01-02 05:43:00,0.0264,normal,,0.1,-0.1,0.0
2026-01-02 05:44:00,-0.0375,normal,,0.1,-0.1,0.0
2026-01-02 05:45:00,-0.0005,normal,,0.1,-0.1,0.0
2026-01-02 05:46:00,0.0017,normal,,0.1,-0.1,0.0
2026-01-02 05:47:00,-0.0154,normal,,0.1,-0.1,0.0
2026-01-02 05:48:00,0.006,normal,,0.1,-0.1,0.0
2026-01-02 05:49:00,-0.0035,normal,,0.1,-0.1,0.0
2026-01-02 05:50:00,0.015,normal,,0.1,-0.1,0.0
2026-01-02 05:51:00,0.0034,normal,,0.1,-0.1,0.0
2026-01-02 05:52:00,0.0087,normal,,0.1,-0.1,0.0
2026-01-02 05:53:00,-0.0299,normal,,0.1,-0.1,0.0
2026-01-02 05:54:00,0.019,normal,,0.1,-0.1,0.0
2026-01-02 05:55:00,-0.0582,normal,,0.1,-0.1,0.0
2026-01-02 05:56:00,0.0136,normal,,0.1,-0.1,0.0
2026-01-02 05:57:00,0.0309,normal,,0.1,-0.1,0.0
2026-01-02 05:58:00,0.003,normal,,0.1,-0.1,0.0
2026-01-02 05:59:00,-0.0278,normal,,0.1,-0.1,0.0
2026-01-02 06:00:00,0.0035,normal,,0.1,-0.1,0.0
2026-01-02 06:01:00,-0.0138,normal,,0.1,-0.1,0.0
2026-01-02 06:02:00,0.0418,normal,,0.1,-0.1,0.0
2026-01-02 06:03:00,0.0511,normal,,0.1,-0.1,0.0
2026-01-02 06:04:00,-0.0072,normal,,0.1,-0.1,0.0
2026-01-02 06:05:00,-0.0052,normal,,0.1,-0.1,0.0
2026-01-02 06:06:00,0.013,normal,,0.1,-0.1,0.0
2026-01-02 06:07:00,-0.0457,normal,,0.1,-0.1,0.0
2026-01-02 06:08:00,-0.0005,normal,,0.1,-0.1,0.0
2026-01-02 06:09:00,-0.0202,normal,,0.1,-0.1,0.0
2026-01-02 06:10:00,-0.0086,normal,,0.1,-0.1,0.0
2026-01-02 06:11:00,-0.01,normal,,0.1,-0.1,0.0
2026-01-02 06:12:00,0.041,normal,,0.1,-0.1,0.0
2026-01-02 06:13:00,-0.0264,normal,,0.1,-0.1,0.0
2026-01-02 06:14:00,0.0044,normal,,0.1,-0.1,0.0
2026-01-02 06:15:00,0.0124,normal,,0.1,-0.1,0.0
2026-01-02 06:16:00,-0.03,normal,,0.1,-0.1,0.0
2026-01-02 06:17:00,0.0467,normal,,0.1,-0.1,0.0
2026-01-02 06:18:00,0.0038,normal,,0.1,-0.1,0.0
2026-01-02 06:19:00,0.0261,normal,,0.1,-0.1,0.0
2026-01-02 06:20:00,0.0079,normal,,0.1,-0.1,0.0
2026-01-02 06:21:00,-0.0162,normal,,0.1,-0.1,0.0
2026-01-02 06:22:00,0.0189,normal,,0.1,-0.1,0.0
2026-01-02 06:23:00,0.0405,normal,,0.1,-0.1,0.0
2026-01-02 06:24:00,0.0061,normal,,0.1,-0.1,0.0
2026-01-02 06:25:00,0.0241,normal,,0.1,-0.1,0.0
2026-01-02 06:26:00,0.0052,normal,,0.1,-0.1,0.0
2026-01-02 06:27:00,0.0244,normal,,0.1,-0.1,0.0
2026-01-02 06:28:00,0.0127,normal,,0.1,-0.1,0.0
2026-01-02 06:29:00,0.0119,normal,,0.1,-0.1,0.0
2026-01-02 06:30:00,0.1332,anomaly,variance_increase,0.1,-0.1,0.0
2026-01-02 06:31:00,0.0352,anomaly,variance_increase,0.1,-0.1,0.0
2026-01-02 06:32:00,0.067,anomaly,variance_increase,0.1,-0.1,0.0
2026-01-02 06:33:00,0.0796,anomaly,variance_increase,0.1,-0.1,0.0
2026-01-02 06:34:00,-0.0892,anomaly,spike,0.1,-0.1,0.0
2026-01-02 06:35:00,0.1103,anomaly,spike,0.1,-0.1,0.0
2026-01-02 06:36:00,0.1036,anomaly,spike,0.1,-0.1,0.0
2026-01-02 06:37:00,0.1234,anomaly,spike,0.1,-0.1,0.0
2026-01-02 06:38:00,0.1062,anomaly,spike,0.1,-0.1,0.0
2026-01-02 06:39:00,0.115,anomaly,spike,0.1,-0.1,0.0
2026-01-02 06:40:00,-0.0996,anomaly,spike,0.1,-0.1,0.0
2026-01-02 06:41:00,0.1024,anomaly,spike,0.1,-0.1,0.0
2026-01-02 06:42:00,0.0979,anomaly,spike,0.1,-0.1,0.0
2026-01-02 06:43:00,-0.1011,anomaly,spike,0.1,-0.1,0.0
2026-01-02 06:44:00,0.1313,anomaly,spike,0.1,-0.1,0.0
2026-01-02 06:45:00,-0.1314,anomaly,spike,0.1,-0.1,0.0
2026-01-02 06:46:00,0.128,anomaly,spike,0.1,-0.1,0.0
2026-01-02 06:47:00,0.0961,anomaly,spike,0.1,-0.1,0.0
2026-01-02 06:48:00,0.1154,anomaly,spike,0.1,-0.1,0.0
2026-01-02 06:49:00,0.116,anomaly,spike,0.1,-0.1,0.0
2026-01-02 06:50:00,-0.1093,anomaly,spike,0.1,-0.1,0.0
2026-01-02 06:51:00,0.0888,anomaly,spike,0.1,-0.1,0.0
2026-01-02 06:52:00,-0.0976,anomaly,spike,0.1,-0.1,0.0
2026-01-02 06:53:00,0.0953,anomaly,spike,0.1,-0.1,0.0
2026-01-02 06:54:00,-0.1144,anomaly,spike,0.1,-0.1,0.0
2026-01-02 06:55:00,0.1211,anomaly,spike,0.1,-0.1,0.0
2026-01-02 06:56:00,0.1187,anomaly,spike,0.1,-0.1,0.0
2026-01-02 06:57:00,-0.1049,anomaly,spike,0.1,-0.1,0.0
2026-01-02 06:58:00,-0.1127,anomaly,spike,0.1,-0.1,0.0
2026-01-02 06:59:00,0.1147,anomaly,spike,0.1,-0.1,0.0
2026-01-02 07:00:00,0.1016,anomaly,spike,0.1,-0.1,0.0
2026-01-02 07:01:00,0.1101,anomaly,spike,0.1,-0.1,0.0
2026-01-02 07:02:00,-0.1061,anomaly,spike,0.1,-0.1,0.0
2026-01-02 07:03:00,-0.0959,anomaly,spike,0.1,-0.1,0.0
2026-01-02 07:04:00,0.1163,anomaly,spike,0.1,-0.1,0.0
2026-01-02 07:05:00,-0.1092,anomaly,spike,0.1,-0.1,0.0
2026-01-02 07:06:00,-0.1177,anomaly,spike,0.1,-0.1,0.0
2026-01-02 07:07:00,-0.129,anomaly,spike,0.1,-0.1,0.0
2026-01-02 07:08:00,-0.1034,anomaly,spike,0.1,-0.1,0.0
2026-01-02 07:09:00,0.116,anomaly,spike,0.1,-0.1,0.0
2026-01-02 07:10:00,-0.0965,anomaly,spike,0.1,-0.1,0.0
2026-01-02 07:11:00,0.1027,anomaly,spike,0.1,-0.1,0.0
2026-01-02 07:12:00,0.1046,anomaly,spike,0.1,-0.1,0.0
2026-01-02 07:13:00,0.1075,anomaly,spike,0.1,-0.1,0.0
2026-01-02 07:14:00,0.1277,anomaly,spike,0.1,-0.1,0.0
2026-01-02 07:15:00,-0.1111,anomaly,spike,0.1,-0.1,0.0
2026-01-02 07:16:00,0.1139,anomaly,spike,0.1,-0.1,0.0
2026-01-02 07:17:00,0.1161,anomaly,spike,0.1,-0.1,0.0
2026-01-02 07:18:00,0.1313,anomaly,spike,0.1,-0.1,0.0
2026-01-02 07:19:00,-0.0926,anomaly,spike,0.1,-0.1,0.0
2026-01-02 07:20:00,-0.0251,normal,,0.1,-0.1,0.0
2026-01-02 07:21:00,-0.0325,normal,,0.1,-0.1,0.0
2026-01-02 07:22:00,0.0356,normal,,0.1,-0.1,0.0
2026-01-02 07:23:00,-0.0069,normal,,0.1,-0.1,0.0
2026-01-02 07:24:00,0.0063,normal,,0.1,-0.1,0.0
2026-01-02 07:25:00,-0.0005,normal,,0.1,-0.1,0.0
2026-01-02 07:26:00,-0.0292,normal,,0.1,-0.1,0.0
2026-01-02 07:27:00,0.0552,normal,,0.1,-0.1,0.0
2026-01-02 07:28:00,-0.0353,normal,,0.1,-0.1,0.0
2026-01-02 07:29:00,0.003,normal,,0.1,-0.1,0.0
2026-01-02 07:30:00,-0.0405,normal,,0.1,-0.1,0.0
2026-01-02 07:31:00,-0.0163,normal,,0.1,-0.1,0.0
2026-01-02 07:32:00,0.0415,normal,,0.1,-0.1,0.0
2026-01-02 07:33:00,0.0014,normal,,0.1,-0.1,0.0
2026-01-02 07:34:00,-0.0035,normal,,0.1,-0.1,0.0
2026-01-02 07:35:00,0.0177,normal,,0.1,-0.1,0.0
2026-01-02 07:36:00,0.0173,normal,,0.1,-0.1,0.0
2026-01-02 07:37:00,0.0053,normal,,0.1,-0.1,0.0
2026-01-02 07:38:00,0.0154,normal,,0.1,-0.1,0.0
2026-01-02 07:39:00,0.0045,normal,,0.1,-0.1,0.0
2026-01-02 07:40:00,-0.0375,normal,,0.1,-0.1,0.0
2026-01-02 07:41:00,-0.0461,normal,,0.1,-0.1,0.0
2026-01-02 07:42:00,0.0056,normal,,0.1,-0.1,0.0
2026-01-02 07:43:00,0.0111,normal,,0.1,-0.1,0.0
2026-01-02 07:44:00,-0.0016,normal,,0.1,-0.1,0.0
2026-01-02 07:45:00,0.0327,normal,,0.1,-0.1,0.0
2026-01-02 07:46:00,-0.0106,normal,,0.1,-0.1,0.0
2026-01-02 07:47:00,0.0373,normal,,0.1,-0.1,0.0
2026-01-02 07:48:00,-0.0298,normal,,0.1,-0.1,0.0
2026-01-02 07:49:00,-0.0143,normal,,0.1,-0.1,0.0
2026-01-02 07:50:00,-0.0239,normal,,0.1,-0.1,0.0
2026-01-02 07:51:00,0.0257,normal,,0.1,-0.1,0.0
2026-01-02 07:52:00,0.0133,normal,,0.1,-0.1,0.0
2026-01-02 07:53:00,0.0367,normal,,0.1,-0.1,0.0
2026-01-02 07:54:00,-0.0035,normal,,0.1,-0.1,0.0
2026-01-02 07:55:00,-0.0085,normal,,0.1,-0.1,0.0
2026-01-02 07:56:00,0.0158,normal,,0.1,-0.1,0.0
2026-01-02 07:57:00,-0.0159,normal,,0.1,-0.1,0.0
2026-01-02 07:58:00,-0.013,normal,,0.1,-0.1,0.0
2026-01-02 07:59:00,-0.0216,normal,,0.1,-0.1,0.0
2026-01-02 08:00:00,0.0123,normal,,0.1,-0.1,0.0
2026-01-02 08:01:00,-0.0181,normal,,0.1,-0.1,0.0
2026-01-02 08:02:00,-0.0219,normal,,0.1,-0.1,0.0
2026-01-02 08:03:00,0.02,normal,,0.1,-0.1,0.0
2026-01-02 08:04:00,-0.0337,normal,,0.1,-0.1,0.0
2026-01-02 08:05:00,0.0069,normal,,0.1,-0.1,0.0
2026-01-02 08:06:00,-0.0105,normal,,0.1,-0.1,0.0
2026-01-02 08:07:00,0.0019,normal,,0.1,-0.1,0.0
2026-01-02 08:08:00,-0.0184,normal,,0.1,-0.1,0.0
2026-01-02 08:09:00,0.0051,normal,,0.1,-0.1,0.0
2026-01-02 08:10:00,-0.0051,normal,,0.1,-0.1,0.0
2026-01-02 08:11:00,-0.0037,normal,,0.1,-0.1,0.0
2026-01-02 08:12:00,0.022,normal,,0.1,-0.1,0.0
2026-01-02 08:13:00,-0.0004,normal,,0.1,-0.1,0.0
2026-01-02 08:14:00,0.0176,normal,,0.1,-0.1,0.0
2026-01-02 08:15:00,0.0129,normal,,0.1,-0.1,0.0
2026-01-02 08:16:00,-0.015,normal,,0.1,-0.1,0.0
2026-01-02 08:17:00,-0.0308,normal,,0.1,-0.1,0.0
2026-01-02 08:18:00,-0.0461,normal,,0.1,-0.1,0.0
2026-01-02 08:19:00,-0.041,normal,,0.1,-0.1,0.0
2026-01-02 08:20:00,0.0045,normal,,0.1,-0.1,0.0
2026-01-02 08:21:00,0.0326,normal,,0.1,-0.1,0.0
2026-01-02 08:22:00,0.0389,normal,,0.1,-0.1,0.0
2026-01-02 08:23:00,0.0353,normal,,0.1,-0.1,0.0
2026-01-02 08:24:00,-0.0113,normal,,0.1,-0.1,0.0
2026-01-02 08:25:00,0.0367,normal,,0.1,-0.1,0.0
2026-01-02 08:26:00,0.0299,normal,,0.1,-0.1,0.0
2026-01-02 08:27:00,0.0137,normal,,0.1,-0.1,0.0
2026-01-02 08:28:00,-0.0007,normal,,0.1,-0.1,0.0
2026-01-02 08:29:00,0.0469,normal,,0.1,-0.1,0.0
2026-01-02 08:30:00,0.0445,normal,,0.1,-0.1,0.0
2026-01-02 08:31:00,-0.0343,normal,,0.1,-0.1,0.0
2026-01-02 08:32:00,0.027,normal,,0.1,-0.1,0.0
2026-01-02 08:33:00,0.0154,normal,,0.1,-0.1,0.0
2026-01-02 08:34:00,0.0213,normal,,0.1,-0.1,0.0
2026-01-02 08:35:00,0.0124,normal,,0.1,-0.1,0.0
2026-01-02 08:36:00,-0.0511,normal,,0.1,-0.1,0.0
2026-01-02 08:37:00,-0.011,normal,,0.1,-0.1,0.0
2026-01-02 08:38:00,-0.0238,normal,,0.1,-0.1,0.0
2026-01-02 08:39:00,0.0468,normal,,0.1,-0.1,0.0
2026-01-02 08:40:00,-0.0111,normal,,0.1,-0.1,0.0
2026-01-02 08:41:00,-0.0101,normal,,0.1,-0.1,0.0
2026-01-02 08:42:00,0.034,normal,,0.1,-0.1,0.0
2026-01-02 08:43:00,0.0164,normal,,0.1,-0.1,0.0
2026-01-02 08:44:00,0.024,normal,,0.1,-0.1,0.0
2026-01-02 08:45:00,0.0067,normal,,0.1,-0.1,0.0
2026-01-02 08:46:00,0.0138,normal,,0.1,-0.1,0.0
2026-01-02 08:47:00,-0.0147,normal,,0.1,-0.1,0.0
2026-01-02 08:48:00,0.0332,normal,,0.1,-0.1,0.0
2026-01-02 08:49:00,0.0112,normal,,0.1,-0.1,0.0
2026-01-02 08:50:00,-0.0134,normal,,0.1,-0.1,0.0
2026-01-02 08:51:00,0.0088,normal,,0.1,-0.1,0.0
2026-01-02 08:52:00,-0.0108,normal,,0.1,-0.1,0.0
2026-01-02 08:53:00,0.008,normal,,0.1,-0.1,0.0
2026-01-02 08:54:00,-0.0146,normal,,0.1,-0.1,0.0
2026-01-02 08:55:00,-0.0084,normal,,0.1,-0.1,0.0
2026-01-02 08:56:00,0.0094,normal,,0.1,-0.1,0.0
2026-01-02 08:57:00,0.0362,normal,,0.1,-0.1,0.0
2026-01-02 08:58:00,0.0195,normal,,0.1,-0.1,0.0
2026-01-02 08:59:00,0.0126,normal,,0.1,-0.1,0.0
2026-01-02 09:00:00,0.0056,normal,,0.1,-0.1,0.0
2026-01-02 09:01:00,0.0274,normal,,0.1,-0.1,0.0
2026-01-02 09:02:00,0.0636,normal,,0.1,-0.1,0.0
2026-01-02 09:03:00,-0.0483,normal,,0.1,-0.1,0.0
2026-01-02 09:04:00,0.0305,normal,,0.1,-0.1,0.0
2026-01-02 09:05:00,0.0156,normal,,0.1,-0.1,0.0
2026-01-02 09:06:00,-0.0369,normal,,0.1,-0.1,0.0
2026-01-02 09:07:00,-0.013,normal,,0.1,-0.1,0.0
2026-01-02 09:08:00,0.0433,normal,,0.1,-0.1,0.0
2026-01-02 09:09:00,0.0042,normal,,0.1,-0.1,0.0
2026-01-02 09:10:00,0.0189,normal,,0.1,-0.1,0.0
2026-01-02 09:11:00,0.0125,normal,,0.1,-0.1,0.0
2026-01-02 09:12:00,-0.0025,normal,,0.1,-0.1,0.0
2026-01-02 09:13:00,-0.0109,normal,,0.1,-0.1,0.0
2026-01-02 09:14:00,0.0117,normal,,0.1,-0.1,0.0
2026-01-02 09:15:00,0.0282,normal,,0.1,-0.1,0.0
2026-01-02 09:16:00,0.0062,normal,,0.1,-0.1,0.0
2026-01-02 09:17:00,-0.0235,normal,,0.1,-0.1,0.0
2026-01-02 09:18:00,0.0439,normal,,0.1,-0.1,0.0
2026-01-02 09:19:00,-0.002,normal,,0.1,-0.1,0.0
2026-01-02 09:20:00,0.0051,normal,,0.1,-0.1,0.0
2026-01-02 09:21:00,-0.0163,normal,,0.1,-0.1,0.0
2026-01-02 09:22:00,0.0211,normal,,0.1,-0.1,0.0
2026-01-02 09:23:00,-0.0419,normal,,0.1,-0.1,0.0
2026-01-02 09:24:00,0.0256,normal,,0.1,-0.1,0.0
2026-01-02 09:25:00,-0.0396,normal,,0.1,-0.1,0.0
2026-01-02 09:26:00,-0.0351,normal,,0.1,-0.1,0.0
2026-01-02 09:27:00,0.0003,normal,,0.1,-0.1,0.0
2026-01-02 09:28:00,-0.022,normal,,0.1,-0.1,0.0
2026-01-02 09:29:00,-0.0039,normal,,0.1,-0.1,0.0
2026-01-02 09:30:00,0.015,normal,,0.1,-0.1,0.0
2026-01-02 09:31:00,0.008,normal,,0.1,-0.1,0.0
2026-01-02 09:32:00,-0.0036,normal,,0.1,-0.1,0.0
2026-01-02 09:33:00,0.0117,normal,,0.1,-0.1,0.0
2026-01-02 09:34:00,0.0062,normal,,0.1,-0.1,0.0
2026-01-02 09:35:00,-0.0186,normal,,0.1,-0.1,0.0
2026-01-02 09:36:00,0.0261,normal,,0.1,-0.1,0.0
2026-01-02 09:37:00,0.0101,normal,,0.1,-0.1,0.0
2026-01-02 09:38:00,0.0363,normal,,0.1,-0.1,0.0
2026-01-02 09:39:00,0.0108,normal,,0.1,-0.1,0.0
2026-01-02 09:40:00,-0.0238,normal,,0.1,-0.1,0.0
2026-01-02 09:41:00,-0.0289,normal,,0.1,-0.1,0.0
2026-01-02 09:42:00,0.0092,normal,,0.1,-0.1,0.0
2026-01-02 09:43:00,0.0106,normal,,0.1,-0.1,0.0
2026-01-02 09:44:00,-0.0211,normal,,0.1,-0.1,0.0
2026-01-02 09:45:00,-0.0069,normal,,0.1,-0.1,0.0
2026-01-02 09:46:00,0.0136,normal,,0.1,-0.1,0.0
2026-01-02 09:47:00,0.017,normal,,0.1,-0.1,0.0
2026-01-02 09:48:00,0.0107,normal,,0.1,-0.1,0.0
2026-01-02 09:49:00,-0.0163,normal,,0.1,-0.1,0.0
2026-01-02 09:50:00,0.0201,normal,,0.1,-0.1,0.0
2026-01-02 09:51:00,-0.0309,normal,,0.1,-0.1,0.0
2026-01-02 09:52:00,-0.0376,normal,,0.1,-0.1,0.0
2026-01-02 09:53:00,0.0262,normal,,0.1,-0.1,0.0
2026-01-02 09:54:00,-0.0187,normal,,0.1,-0.1,0.0
2026-01-02 09:55:00,-0.0402,normal,,0.1,-0.1,0.0
2026-01-02 09:56:00,0.0393,normal,,0.1,-0.1,0.0
2026-01-02 09:57:00,-0.0095,normal,,0.1,-0.1,0.0
2026-01-02 09:58:00,-0.0276,normal,,0.1,-0.1,0.0
2026-01-02 09:59:00,0.0213,normal,,0.1,-0.1,0.0
2026-01-02 10:00:00,0.0407,normal,,0.1,-0.1,0.0
2026-01-02 10:01:00,0.0026,normal,,0.1,-0.1,0.0
2026-01-02 10:02:00,0.0086,normal,,0.1,-0.1,0.0
2026-01-02 10:03:00,-0.0052,normal,,0.1,-0.1,0.0
2026-01-02 10:04:00,0.0117,normal,,0.1,-0.1,0.0
2026-01-02 10:05:00,0.0217,normal,,0.1,-0.1,0.0
2026-01-02 10:06:00,0.0046,normal,,0.1,-0.1,0.0
2026-01-02 10:07:00,0.0086,normal,,0.1,-0.1,0.0
2026-01-02 10:08:00,0.0039,normal,,0.1,-0.1,0.0
2026-01-02 10:09:00,0.0128,normal,,0.1,-0.1,0.0
2026-01-02 10:10:00,0.043,normal,,0.1,-0.1,0.0
2026-01-02 10:11:00,-0.003,normal,,0.1,-0.1,0.0
2026-01-02 10:12:00,0.0054,normal,,0.1,-0.1,0.0
2026-01-02 10:13:00,0.0155,normal,,0.1,-0.1,0.0
2026-01-02 10:14:00,-0.0078,normal,,0.1,-0.1,0.0
2026-01-02 10:15:00,0.0045,normal,,0.1,-0.1,0.0
2026-01-02 10:16:00,-0.0191,normal,,0.1,-0.1,0.0
2026-01-02 10:17:00,-0.0371,normal,,0.1,-0.1,0.0
2026-01-02 10:18:00,-0.004,normal,,0.1,-0.1,0.0
2026-01-02 10:19:00,0.0001,normal,,0.1,-0.1,0.0
2026-01-02 10:20:00,0.0064,normal,,0.1,-0.1,0.0
2026-01-02 10:21:00,-0.0136,normal,,0.1,-0.1,0.0
2026-01-02 10:22:00,0.0069,normal,,0.1,-0.1,0.0
2026-01-02 10:23:00,-0.0287,normal,,0.1,-0.1,0.0
2026-01-02 10:24:00,-0.0619,normal,,0.1,-0.1,0.0
2026-01-02 10:25:00,-0.0343,normal,,0.1,-0.1,0.0
2026-01-02 10:26:00,-0.0094,normal,,0.1,-0.1,0.0
2026-01-02 10:27:00,-0.0241,normal,,0.1,-0.1,0.0
2026-01-02 10:28:00,0.0139,normal,,0.1,-0.1,0.0
2026-01-02 10:29:00,0.0056,normal,,0.1,-0.1,0.0
2026-01-02 10:30:00,0.0054,normal,,0.1,-0.1,0.0
2026-01-02 10:31:00,0.0432,normal,,0.1,-0.1,0.0
2026-01-02 10:32:00,0.0368,normal,,0.1,-0.1,0.0
2026-01-02 10:33:00,-0.0301,normal,,0.1,-0.1,0.0
2026-01-02 10:34:00,0.0208,normal,,0.1,-0.1,0.0
2026-01-02 10:35:00,-0.0031,normal,,0.1,-0.1,0.0
2026-01-02 10:36:00,0.0622,normal,,0.1,-0.1,0.0
2026-01-02 10:37:00,-0.0055,normal,,0.1,-0.1,0.0
2026-01-02 10:38:00,0.0062,normal,,0.1,-0.1,0.0
2026-01-02 10:39:00,0.0063,normal,,0.1,-0.1,0.0
2026-01-02 10:40:00,0.1072,anomaly,spike,0.1,-0.1,0.0
2026-01-02 10:41:00,-0.1108,anomaly,spike,0.1,-0.1,0.0
2026-01-02 10:42:00,0.0127,anomaly,cyclic_pattern,0.1,-0.1,0.0
2026-01-02 10:43:00,0.0144,anomaly,cyclic_pattern,0.1,-0.1,0.0
2026-01-02 10:44:00,0.0202,anomaly,cyclic_pattern,0.1,-0.1,0.0
2026-01-02 10:45:00,0.0211,anomaly,cyclic_pattern,0.1,-0.1,0.0
2026-01-02 10:46:00,0.0261,anomaly,cyclic_pattern,0.1,-0.1,0.0
2026-01-02 10:47:00,0.0462,anomaly,cyclic_pattern,0.1,-0.1,0.0
2026-01-02 10:48:00,0.0491,anomaly,cyclic_pattern,0.1,-0.1,0.0
2026-01-02 10:49:00,0.0261,anomaly,cyclic_pattern,0.1,-0.1,0.0
2026-01-02 10:50:00,0.0597,anomaly,cyclic_pattern,0.1,-0.1,0.0
2026-01-02 10:51:00,0.062,anomaly,cyclic_pattern,0.1,-0.1,0.0
2026-01-02 10:52:00,0.0645,anomaly,cyclic_pattern,0.1,-0.1,0.0
2026-01-02 10:53:00,0.0711,anomaly,cyclic_pattern,0.1,-0.1,0.0
2026-01-02 10:54:00,0.0644,anomaly,cyclic_pattern,0.1,-0.1,0.0
2026-01-02 10:55:00,0.0817,anomaly,cyclic_pattern,0.1,-0.1,0.0
2026-01-02 10:56:00,0.0739,anomaly,cyclic_pattern,0.1,-0.1,0.0
2026-01-02 10:57:00,0.0584,anomaly,cyclic_pattern,0.1,-0.1,0.0
2026-01-02 10:58:00,0.058,anomaly,cyclic_pattern,0.1,-0.1,0.0
2026-01-02 10:59:00,0.0477,anomaly,cyclic_pattern,0.1,-0.1,0.0
2026-01-02 11:00:00,0.0333,anomaly,cyclic_pattern,0.1,-0.1,0.0
2026-01-02 11:01:00,0.0435,anomaly,cyclic_pattern,0.1,-0.1,0.0
2026-01-02 11:02:00,0.0148,anomaly,cyclic_pattern,0.1,-0.1,0.0
2026-01-02 11:03:00,0.0325,anomaly,cyclic_pattern,0.1,-0.1,0.0
2026-01-02 11:04:00,0.0139,anomaly,cyclic_pattern,0.1,-0.1,0.0
2026-01-02 11:05:00,0.0161,anomaly,cyclic_pattern,0.1,-0.1,0.0
2026-01-02 11:06:00,0.0027,anomaly,cyclic_pattern,0.1,-0.1,0.0
2026-01-02 11:07:00,-0.0034,anomaly,cyclic_pattern,0.1,-0.1,0.0
2026-01-02 11:08:00,0.004,anomaly,cyclic_pattern,0.1,-0.1,0.0
2026-01-02 11:09:00,-0.0176,anomaly,cyclic_pattern,0.1,-0.1,0.0
2026-01-02 11:10:00,-0.0572,anomaly,cyclic_pattern,0.1,-0.1,0.0
2026-01-02 11:11:00,-0.0451,anomaly,cyclic_pattern,0.1,-0.1,0.0
2026-01-02 11:12:00,-0.045,anomaly,cyclic_pattern,0.1,-0.1,0.0
2026-01-02 11:13:00,-0.0528,anomaly,cyclic_pattern,0.1,-0.1,0.0
2026-01-02 11:14:00,-0.0565,anomaly,cyclic_pattern,0.1,-0.1,0.0
2026-01-02 11:15:00,-0.0571,anomaly,cyclic_pattern,0.1,-0.1,0.0
2026-01-02 11:16:00,-0.0457,anomaly,cyclic_pattern,0.1,-0.1,0.0
2026-01-02 11:17:00,-0.0531,anomaly,cyclic_pattern,0.1,-0.1,0.0
2026-01-02 11:18:00,-0.061,anomaly,cyclic_pattern,0.1,-0.1,0.0
2026-01-02 11:19:00,-0.0828,anomaly,cyclic_pattern,0.1,-0.1,0.0
2026-01-02 11:20:00,-0.0585,anomaly,cyclic_pattern,0.1,-0.1,0.0
2026-01-02 11:21:00,-0.057,anomaly,cyclic_pattern,0.1,-0.1,0.0
2026-01-02 11:22:00,-0.0694,anomaly,cyclic_pattern,0.1,-0.1,0.0
2026-01-02 11:23:00,-0.0551,anomaly,cyclic_pattern,0.1,-0.1,0.0
2026-01-02 11:24:00,-0.0715,anomaly,cyclic_pattern,0.1,-0.1,0.0
2026-01-02 11:25:00,-0.0417,anomaly,cyclic_pattern,0.1,-0.1,0.0
2026-01-02 11:26:00,-0.0403,anomaly,cyclic_pattern,0.1,-0.1,0.0
2026-01-02 11:27:00,-0.0416,anomaly,cyclic_pattern,0.1,-0.1,0.0
2026-01-02 11:28:00,-0.0322,anomaly,cyclic_pattern,0.1,-0.1,0.0
2026-01-02 11:29:00,-0.0146,anomaly,cyclic_pattern,0.1,-0.1,0.0
2026-01-02 11:30:00,0.0086,normal,,0.1,-0.1,0.0
2026-01-02 11:31:00,-0.006,normal,,0.1,-0.1,0.0
2026-01-02 11:32:00,-0.0141,normal,,0.1,-0.1,0.0
2026-01-02 11:33:00,-0.031,normal,,0.1,-0.1,0.0
2026-01-02 11:34:00,-0.0268,normal,,0.1,-0.1,0.0
2026-01-02 11:35:00,-0.0068,normal,,0.1,-0.1,0.0
2026-01-02 11:36:00,0.0045,normal,,0.1,-0.1,0.0
2026-01-02 11:37:00,-0.0055,normal,,0.1,-0.1,0.0
2026-01-02 11:38:00,-0.0077,normal,,0.1,-0.1,0.0
2026-01-02 11:39:00,0.0927,normal,,0.1,-0.1,0.0
2026-01-02 11:40:00,-0.0177,normal,,0.1,-0.1,0.0
2026-01-02 11:41:00,0.0196,normal,,0.1,-0.1,0.0
2026-01-02 11:42:00,-0.0026,normal,,0.1,-0.1,0.0
2026-01-02 11:43:00,0.0098,normal,,0.1,-0.1,0.0
2026-01-02 11:44:00,-0.0266,normal,,0.1,-0.1,0.0
2026-01-02 11:45:00,0.0255,normal,,0.1,-0.1,0.0
2026-01-02 11:46:00,0.0079,normal,,0.1,-0.1,0.0
2026-01-02 11:47:00,0.0161,normal,,0.1,-0.1,0.0
2026-01-02 11:48:00,0.0064,normal,,0.1,-0.1,0.0
2026-01-02 11:49:00,0.0338,normal,,0.1,-0.1,0.0
2026-01-02 11:50:00,0.0464,normal,,0.1,-0.1,0.0
2026-01-02 11:51:00,-0.012,normal,,0.1,-0.1,0.0
2026-01-02 11:52:00,-0.018,normal,,0.1,-0.1,0.0
2026-01-02 11:53:00,0.0117,normal,,0.1,-0.1,0.0
2026-01-02 11:54:00,-0.0092,normal,,0.1,-0.1,0.0
2026-01-02 11:55:00,-0.004,normal,,0.1,-0.1,0.0
2026-01-02 11:56:00,0.0017,normal,,0.1,-0.1,0.0
2026-01-02 11:57:00,0.0297,normal,,0.1,-0.1,0.0
2026-01-02 11:58:00,0.0081,normal,,0.1,-0.1,0.0
2026-01-02 11:59:00,-0.0138,normal,,0.1,-0.1,0.0
2026-01-02 12:00:00,0.0028,normal,,0.1,-0.1,0.0
2026-01-02 12:01:00,-0.0496,normal,,0.1,-0.1,0.0
2026-01-02 12:02:00,0.0329,normal,,0.1,-0.1,0.0
2026-01-02 12:03:00,0.0327,normal,,0.1,-0.1,0.0
2026-01-02 12:04:00,-0.0337,normal,,0.1,-0.1,0.0
2026-01-02 12:05:00,0.03,normal,,0.1,-0.1,0.0
2026-01-02 12:06:00,-0.0087,normal,,0.1,-0.1,0.0
2026-01-02 12:07:00,-0.0176,normal,,0.1,-0.1,0.0
2026-01-02 12:08:00,0.0132,normal,,0.1,-0.1,0.0
2026-01-02 12:09:00,-0.0252,normal,,0.1,-0.1,0.0
2026-01-02 12:10:00,0.0239,normal,,0.1,-0.1,0.0
2026-01-02 12:11:00,-0.0362,normal,,0.1,-0.1,0.0
2026-01-02 12:12:00,0.0003,normal,,0.1,-0.1,0.0
2026-01-02 12:13:00,0.0141,normal,,0.1,-0.1,0.0
2026-01-02 12:14:00,-0.0129,normal,,0.1,-0.1,0.0
2026-01-02 12:15:00,-0.0085,normal,,0.1,-0.1,0.0
2026-01-02 12:16:00,-0.0131,normal,,0.1,-0.1,0.0
2026-01-02 12:17:00,0.0048,normal,,0.1,-0.1,0.0
2026-01-02 12:18:00,-0.0376,normal,,0.1,-0.1,0.0
2026-01-02 12:19:00,-0.0106,normal,,0.1,-0.1,0.0
2026-01-02 12:20:00,-0.0098,normal,,0.1,-0.1,0.0
2026-01-02 12:21:00,0.01,normal,,0.1,-0.1,0.0
2026-01-02 12:22:00,-0.022,normal,,0.1,-0.1,0.0
2026-01-02 12:23:00,0.0005,normal,,0.1,-0.1,0.0
2026-01-02 12:24:00,0.0505,normal,,0.1,-0.1,0.0
2026-01-02 12:25:00,0.0301,normal,,0.1,-0.1,0.0
2026-01-02 12:26:00,0.0308,normal,,0.1,-0.1,0.0
2026-01-02 12:27:00,0.0111,normal,,0.1,-0.1,0.0
2026-01-02 12:28:00,-0.0126,normal,,0.1,-0.1,0.0
2026-01-02 12:29:00,-0.024,normal,,0.1,-0.1,0.0
2026-01-02 12:30:00,-0.04,normal,,0.1,-0.1,0.0
2026-01-02 12:31:00,0.0027,normal,,0.1,-0.1,0.0
2026-01-02 12:32:00,0.0104,normal,,0.1,-0.1,0.0
2026-01-02 12:33:00,-0.0328,normal,,0.1,-0.1,0.0
2026-01-02 12:34:00,0.0012,normal,,0.1,-0.1,0.0
2026-01-02 12:35:00,-0.0002,normal,,0.1,-0.1,0.0
2026-01-02 12:36:00,0.029,normal,,0.1,-0.1,0.0
2026-01-02 12:37:00,0.0261,normal,,0.1,-0.1,0.0
2026-01-02 12:38:00,0.0487,normal,,0.1,-0.1,0.0
2026-01-02 12:39:00,0.0204,normal,,0.1,-0.1,0.0
2026-01-02 12:40:00,0.0024,normal,,0.1,-0.1,0.0
2026-01-02 12:41:00,-0.0032,normal,,0.1,-0.1,0.0
2026-01-02 12:42:00,-0.0265,normal,,0.1,-0.1,0.0
2026-01-02 12:43:00,-0.0173,normal,,0.1,-0.1,0.0
2026-01-02 12:44:00,-0.0274,normal,,0.1,-0.1,0.0
2026-01-02 12:45:00,-0.0196,normal,,0.1,-0.1,0.0
2026-01-02 12:46:00,-0.0213,normal,,0.1,-0.1,0.0
2026-01-02 12:47:00,-0.0006,normal,,0.1,-0.1,0.0
2026-01-02 12:48:00,-0.0069,normal,,0.1,-0.1,0.0
2026-01-02 12:49:00,-0.0465,normal,,0.1,-0.1,0.0
2026-01-02 12:50:00,-0.0276,normal,,0.1,-0.1,0.0
2026-01-02 12:51:00,0.0264,normal,,0.1,-0.1,0.0
2026-01-02 12:52:00,0.0008,normal,,0.1,-0.1,0.0
2026-01-02 12:53:00,-0.0069,normal,,0.1,-0.1,0.0
2026-01-02 12:54:00,-0.0009,normal,,0.1,-0.1,0.0
2026-01-02 12:55:00,-0.0012,normal,,0.1,-0.1,0.0
2026-01-02 12:56:00,-0.0063,normal,,0.1,-0.1,0.0
2026-01-02 12:57:00,0.0105,normal,,0.1,-0.1,0.0
2026-01-02 12:58:00,-0.0122,normal,,0.1,-0.1,0.0
2026-01-02 12:59:00,0.0046,normal,,0.1,-0.1,0.0
2026-01-02 13:00:00,-0.0317,normal,,0.1,-0.1,0.0
2026-01-02 13:01:00,0.0281,normal,,0.1,-0.1,0.0
2026-01-02 13:02:00,0.0064,normal,,0.1,-0.1,0.0
2026-01-02 13:03:00,-0.016,normal,,0.1,-0.1,0.0
2026-01-02 13:04:00,-0.0413,normal,,0.1,-0.1,0.0
2026-01-02 13:05:00,0.0055,normal,,0.1,-0.1,0.0
2026-01-02 13:06:00,0.0132,normal,,0.1,-0.1,0.0
2026-01-02 13:07:00,-0.0003,normal,,0.1,-0.1,0.0
2026-01-02 13:08:00,-0.0408,normal,,0.1,-0.1,0.0
2026-01-02 13:09:00,-0.0233,normal,,0.1,-0.1,0.0
2026-01-02 13:10:00,-0.0191,normal,,0.1,-0.1,0.0
2026-01-02 13:11:00,-0.0088,normal,,0.1,-0.1,0.0
2026-01-02 13:12:00,0.0211,normal,,0.1,-0.1,0.0
2026-01-02 13:13:00,-0.0318,normal,,0.1,-0.1,0.0
2026-01-02 13:14:00,-0.0259,normal,,0.1,-0.1,0.0
2026-01-02 13:15:00,0.0131,normal,,0.1,-0.1,0.0
2026-01-02 13:16:00,0.003,normal,,0.1,-0.1,0.0
2026-01-02 13:17:00,0.021,normal,,0.1,-0.1,0.0
2026-01-02 13:18:00,0.0388,normal,,0.1,-0.1,0.0
2026-01-02 13:19:00,0.0029,normal,,0.1,-0.1,0.0
2026-01-02 13:20:00,0.0064,normal,,0.1,-0.1,0.0
2026-01-02 13:21:00,0.0613,normal,,0.1,-0.1,0.0
2026-01-02 13:22:00,-0.0031,normal,,0.1,-0.1,0.0
2026-01-02 13:23:00,-0.0168,normal,,0.1,-0.1,0.0
2026-01-02 13:24:00,-0.0363,normal,,0.1,-0.1,0.0
2026-01-02 13:25:00,-0.0191,normal,,0.1,-0.1,0.0
2026-01-02 13:26:00,0.0114,normal,,0.1,-0.1,0.0
2026-01-02 13:27:00,-0.0031,normal,,0.1,-0.1,0.0
2026-01-02 13:28:00,0.043,normal,,0.1,-0.1,0.0
2026-01-02 13:29:00,0.0345,normal,,0.1,-0.1,0.0
2026-01-02 13:30:00,0.0306,normal,,0.1,-0.1,0.0
2026-01-02 13:31:00,0.0012,normal,,0.1,-0.1,0.0
2026-01-02 13:32:00,0.0011,normal,,0.1,-0.1,0.0
2026-01-02 13:33:00,-0.0045,normal,,0.1,-0.1,0.0
2026-01-02 13:34:00,0.0521,normal,,0.1,-0.1,0.0
2026-01-02 13:35:00,-0.0411,normal,,0.1,-0.1,0.0
2026-01-02 13:36:00,0.0034,normal,,0.1,-0.1,0.0
2026-01-02 13:37:00,-0.0054,normal,,0.1,-0.1,0.0
2026-01-02 13:38:00,0.0248,normal,,0.1,-0.1,0.0
2026-01-02 13:39:00,0.0095,normal,,0.1,-0.1,0.0
2026-01-02 13:40:00,0.0124,normal,,0.1,-0.1,0.0
2026-01-02 13:41:00,-0.0027,normal,,0.1,-0.1,0.0
2026-01-02 13:42:00,-0.0194,normal,,0.1,-0.1,0.0
2026-01-02 13:43:00,0.0286,normal,,0.1,-0.1,0.0
2026-01-02 13:44:00,0.0044,normal,,0.1,-0.1,0.0
2026-01-02 13:45:00,0.0019,normal,,0.1,-0.1,0.0
2026-01-02 13:46:00,-0.0022,normal,,0.1,-0.1,0.0
2026-01-02 13:47:00,-0.0263,normal,,0.1,-0.1,0.0
2026-01-02 13:48:00,-0.0284,normal,,0.1,-0.1,0.0
2026-01-02 13:49:00,-0.0137,normal,,0.1,-0.1,0.0
2026-01-02 13:50:00,-0.0085,normal,,0.1,-0.1,0.0
2026-01-02 13:51:00,-0.0201,normal,,0.1,-0.1,0.0
2026-01-02 13:52:00,-0.0038,normal,,0.1,-0.1,0.0
2026-01-02 13:53:00,0.0499,normal,,0.1,-0.1,0.0
2026-01-02 13:54:00,0.0011,normal,,0.1,-0.1,0.0
2026-01-02 13:55:00,-0.0056,normal,,0.1,-0.1,0.0
2026-01-02 13:56:00,0.0312,normal,,0.1,-0.1,0.0
2026-01-02 13:57:00,0.0087,normal,,0.1,-0.1,0.0
2026-01-02 13:58:00,-0.0216,normal,,0.1,-0.1,0.0
2026-01-02 13:59:00,-0.0071,normal,,0.1,-0.1,0.0
2026-01-02 14:00:00,-0.0139,normal,,0.1,-0.1,0.0
2026-01-02 14:01:00,0.0039,normal,,0.1,-0.1,0.0
2026-01-02 14:02:00,-0.0675,normal,,0.1,-0.1,0.0
2026-01-02 14:03:00,-0.0203,normal,,0.1,-0.1,0.0
2026-01-02 14:04:00,0.0142,normal,,0.1,-0.1,0.0
2026-01-02 14:05:00,0.0016,normal,,0.1,-0.1,0.0
2026-01-02 14:06:00,-0.0046,normal,,0.1,-0.1,0.0
2026-01-02 14:07:00,-0.038,normal,,0.1,-0.1,0.0
2026-01-02 14:08:00,-0.0498,normal,,0.1,-0.1,0.0
2026-01-02 14:09:00,0.0089,normal,,0.1,-0.1,0.0
2026-01-02 14:10:00,-0.0179,normal,,0.1,-0.1,0.0
2026-01-02 14:11:00,0.005,normal,,0.1,-0.1,0.0
2026-01-02 14:12:00,0.0092,normal,,0.1,-0.1,0.0
2026-01-02 14:13:00,-0.0044,normal,,0.1,-0.1,0.0
2026-01-02 14:14:00,-0.0076,normal,,0.1,-0.1,0.0
2026-01-02 14:15:00,0.0319,normal,,0.1,-0.1,0.0
2026-01-02 14:16:00,0.0149,normal,,0.1,-0.1,0.0
2026-01-02 14:17:00,-0.0052,normal,,0.1,-0.1,0.0
2026-01-02 14:18:00,-0.0041,normal,,0.1,-0.1,0.0
2026-01-02 14:19:00,-0.0195,normal,,0.1,-0.1,0.0
2026-01-02 14:20:00,0.0434,normal,,0.1,-0.1,0.0
2026-01-02 14:21:00,-0.0164,normal,,0.1,-0.1,0.0
2026-01-02 14:22:00,-0.034,normal,,0.1,-0.1,0.0
2026-01-02 14:23:00,-0.0275,normal,,0.1,-0.1,0.0
2026-01-02 14:24:00,0.0285,normal,,0.1,-0.1,0.0
2026-01-02 14:25:00,-0.0081,normal,,0.1,-0.1,0.0
2026-01-02 14:26:00,-0.0348,normal,,0.1,-0.1,0.0
2026-01-02 14:27:00,0.0046,normal,,0.1,-0.1,0.0
2026-01-02 14:28:00,0.028,normal,,0.1,-0.1,0.0
2026-01-02 14:29:00,0.0064,normal,,0.1,-0.1,0.0
2026-01-02 14:30:00,0.0282,normal,,0.1,-0.1,0.0
2026-01-02 14:31:00,-0.0144,normal,,0.1,-0.1,0.0
2026-01-02 14:32:00,0.0067,normal,,0.1,-0.1,0.0
2026-01-02 14:33:00,-0.0106,normal,,0.1,-0.1,0.0
2026-01-02 14:34:00,0.0205,normal,,0.1,-0.1,0.0
2026-01-02 14:35:00,-0.0276,normal,,0.1,-0.1,0.0
2026-01-02 14:36:00,0.0321,normal,,0.1,-0.1,0.0
2026-01-02 14:37:00,0.0347,normal,,0.1,-0.1,0.0
2026-01-02 14:38:00,0.0198,normal,,0.1,-0.1,0.0
2026-01-02 14:39:00,-0.0016,normal,,0.1,-0.1,0.0
2026-01-02 14:40:00,0.0276,normal,,0.1,-0.1,0.0
2026-01-02 14:41:00,-0.0142,normal,,0.1,-0.1,0.0
2026-01-02 14:42:00,0.0168,normal,,0.1,-0.1,0.0
2026-01-02 14:43:00,0.0203,normal,,0.1,-0.1,0.0
2026-01-02 14:44:00,-0.0012,normal,,0.1,-0.1,0.0
2026-01-02 14:45:00,-0.0411,normal,,0.1,-0.1,0.0
2026-01-02 14:46:00,-0.0285,normal,,0.1,-0.1,0.0
2026-01-02 14:47:00,0.0104,normal,,0.1,-0.1,0.0
2026-01-02 14:48:00,0.0233,normal,,0.1,-0.1,0.0
2026-01-02 14:49:00,-0.0098,normal,,0.1,-0.1,0.0
2026-01-02 14:50:00,-0.0001,normal,,0.1,-0.1,0.0
2026-01-02 14:51:00,0.0152,normal,,0.1,-0.1,0.0
2026-01-02 14:52:00,-0.008,normal,,0.1,-0.1,0.0
2026-01-02 14:53:00,-0.0039,normal,,0.1,-0.1,0.0
2026-01-02 14:54:00,-0.0047,normal,,0.1,-0.1,0.0
2026-01-02 14:55:00,-0.0053,normal,,0.1,-0.1,0.0
2026-01-02 14:56:00,-0.0437,normal,,0.1,-0.1,0.0
2026-01-02 14:57:00,0.0152,normal,,0.1,-0.1,0.0
2026-01-02 14:58:00,0.0091,normal,,0.1,-0.1,0.0
2026-01-02 14:59:00,0.0253,normal,,0.1,-0.1,0.0
2026-01-02 15:00:00,0.017,normal,,0.1,-0.1,0.0
2026-01-02 15:01:00,0.0003,normal,,0.1,-0.1,0.0
2026-01-02 15:02:00,-0.0098,normal,,0.1,-0.1,0.0
2026-01-02 15:03:00,0.0182,normal,,0.1,-0.1,0.0
2026-01-02 15:04:00,0.0142,normal,,0.1,-0.1,0.0
2026-01-02 15:05:00,0.0168,normal,,0.1,-0.1,0.0
2026-01-02 15:06:00,0.0006,normal,,0.1,-0.1,0.0
2026-01-02 15:07:00,0.0267,normal,,0.1,-0.1,0.0
2026-01-02 15:08:00,-0.0072,normal,,0.1,-0.1,0.0
2026-01-02 15:09:00,0.0256,normal,,0.1,-0.1,0.0
2026-01-02 15:10:00,-0.0177,normal,,0.1,-0.1,0.0
2026-01-02 15:11:00,-0.0062,normal,,0.1,-0.1,0.0
2026-01-02 15:12:00,-0.0172,normal,,0.1,-0.1,0.0
2026-01-02 15:13:00,-0.0061,normal,,0.1,-0.1,0.0
2026-01-02 15:14:00,-0.007,normal,,0.1,-0.1,0.0
2026-01-02 15:15:00,0.0302,normal,,0.1,-0.1,0.0
2026-01-02 15:16:00,-0.0199,normal,,0.1,-0.1,0.0
2026-01-02 15:17:00,-0.0119,normal,,0.1,-0.1,0.0
2026-01-02 15:18:00,-0.0132,normal,,0.1,-0.1,0.0
2026-01-02 15:19:00,0.0204,normal,,0.1,-0.1,0.0
2026-01-02 15:20:00,-0.024,normal,,0.1,-0.1,0.0
2026-01-02 15:21:00,0.0226,normal,,0.1,-0.1,0.0
2026-01-02 15:22:00,0.0068,normal,,0.1,-0.1,0.0
2026-01-02 15:23:00,0.0168,normal,,0.1,-0.1,0.0
2026-01-02 15:24:00,0.0197,normal,,0.1,-0.1,0.0
2026-01-02 15:25:00,-0.0072,normal,,0.1,-0.1,0.0
2026-01-02 15:26:00,-0.0056,normal,,0.1,-0.1,0.0
2026-01-02 15:27:00,-0.0292,normal,,0.1,-0.1,0.0
2026-01-02 15:28:00,0.0188,normal,,0.1,-0.1,0.0
2026-01-02 15:29:00,0.0062,normal,,0.1,-0.1,0.0
2026-01-02 15:30:00,-0.0167,normal,,0.1,-0.1,0.0
2026-01-02 15:31:00,0.017,normal,,0.1,-0.1,0.0
2026-01-02 15:32:00,0.0362,normal,,0.1,-0.1,0.0
2026-01-02 15:33:00,-0.0042,normal,,0.1,-0.1,0.0
2026-01-02 15:34:00,-0.0046,normal,,0.1,-0.1,0.0
2026-01-02 15:35:00,0.0225,normal,,0.1,-0.1,0.0
2026-01-02 15:36:00,0.0042,normal,,0.1,-0.1,0.0
2026-01-02 15:37:00,0.0055,normal,,0.1,-0.1,0.0
2026-01-02 15:38:00,0.0379,normal,,0.1,-0.1,0.0
2026-01-02 15:39:00,-0.0042,normal,,0.1,-0.1,0.0
2026-01-02 15:40:00,-0.0131,anomaly,sudden_shift,0.1,-0.1,0.0
2026-01-02 15:41:00,-0.0585,anomaly,sudden_shift,0.1,-0.1,0.0
2026-01-02 15:42:00,-0.0498,anomaly,sudden_shift,0.1,-0.1,0.0
2026-01-02 15:43:00,-0.0009,anomaly,sudden_shift,0.1,-0.1,0.0
2026-01-02 15:44:00,-0.0799,anomaly,sudden_shift,0.1,-0.1,0.0
2026-01-02 15:45:00,-0.0049,anomaly,sudden_shift,0.1,-0.1,0.0
2026-01-02 15:46:00,-0.0357,anomaly,sudden_shift,0.1,-0.1,0.0
2026-01-02 15:47:00,-0.0442,anomaly,sudden_shift,0.1,-0.1,0.0
2026-01-02 15:48:00,0.0079,anomaly,gradual_drift,0.1,-0.1,0.0
2026-01-02 15:49:00,-0.0024,anomaly,gradual_drift,0.1,-0.1,0.0
2026-01-02 15:50:00,0.0218,anomaly,gradual_drift,0.1,-0.1,0.0
2026-01-02 15:51:00,0.0117,anomaly,gradual_drift,0.1,-0.1,0.0
2026-01-02 15:52:00,-0.0037,anomaly,gradual_drift,0.1,-0.1,0.0
2026-01-02 15:53:00,0.0244,anomaly,gradual_drift,0.1,-0.1,0.0
2026-01-02 15:54:00,0.025,anomaly,gradual_drift,0.1,-0.1,0.0
2026-01-02 15:55:00,-0.0135,anomaly,gradual_drift,0.1,-0.1,0.0
2026-01-02 15:56:00,0.0037,anomaly,gradual_drift,0.1,-0.1,0.0
2026-01-02 15:57:00,-0.0154,anomaly,gradual_drift,0.1,-0.1,0.0
2026-01-02 15:58:00,0.0038,anomaly,gradual_drift,0.1,-0.1,0.0
2026-01-02 15:59:00,0.0033,anomaly,gradual_drift,0.1,-0.1,0.0
2026-01-02 16:00:00,-0.0156,anomaly,gradual_drift,0.1,-0.1,0.0
2026-01-02 16:01:00,0.0378,anomaly,gradual_drift,0.1,-0.1,0.0
2026-01-02 16:02:00,-0.0113,anomaly,gradual_drift,0.1,-0.1,0.0
2026-01-02 16:03:00,-0.0185,anomaly,gradual_drift,0.1,-0.1,0.0
2026-01-02 16:04:00,0.0138,anomaly,gradual_drift,0.1,-0.1,0.0
2026-01-02 16:05:00,-0.0339,anomaly,gradual_drift,0.1,-0.1,0.0
2026-01-02 16:06:00,0.0184,anomaly,gradual_drift,0.1,-0.1,0.0
2026-01-02 16:07:00,0.0151,anomaly,gradual_drift,0.1,-0.1,0.0
2026-01-02 16:08:00,-0.0026,anomaly,gradual_drift,0.1,-0.1,0.0
2026-01-02 16:09:00,-0.0023,anomaly,gradual_drift,0.1,-0.1,0.0
2026-01-02 16:10:00,-0.0386,anomaly,gradual_drift,0.1,-0.1,0.0
2026-01-02 16:11:00,-0.0235,anomaly,gradual_drift,0.1,-0.1,0.0
2026-01-02 16:12:00,-0.0133,anomaly,gradual_drift,0.1,-0.1,0.0
2026-01-02 16:13:00,-0.0591,anomaly,gradual_drift,0.1,-0.1,0.0
2026-01-02 16:14:00,-0.0058,anomaly,gradual_drift,0.1,-0.1,0.0
2026-01-02 16:15:00,-0.0229,anomaly,gradual_drift,0.1,-0.1,0.0
2026-01-02 16:16:00,-0.0486,anomaly,gradual_drift,0.1,-0.1,0.0
2026-01-02 16:17:00,0.0385,anomaly,gradual_drift,0.1,-0.1,0.0
2026-01-02 16:18:00,0.0172,anomaly,gradual_drift,0.1,-0.1,0.0
2026-01-02 16:19:00,-0.0446,anomaly,gradual_drift,0.1,-0.1,0.0
2026-01-02 16:20:00,-0.0324,anomaly,gradual_drift,0.1,-0.1,0.0
2026-01-02 16:21:00,-0.056,anomaly,gradual_drift,0.1,-0.1,0.0
2026-01-02 16:22:00,-0.0326,anomaly,gradual_drift,0.1,-0.1,0.0
2026-01-02 16:23:00,0.0016,anomaly,gradual_drift,0.1,-0.1,0.0
2026-01-02 16:24:00,-0.0117,anomaly,gradual_drift,0.1,-0.1,0.0
2026-01-02 16:25:00,-0.0293,anomaly,gradual_drift,0.1,-0.1,0.0
2026-01-02 16:26:00,-0.0239,anomaly,gradual_drift,0.1,-0.1,0.0
2026-01-02 16:27:00,-0.0379,anomaly,gradual_drift,0.1,-0.1,0.0
2026-01-02 16:28:00,0.0043,anomaly,gradual_drift,0.1,-0.1,0.0
2026-01-02 16:29:00,-0.0092,anomaly,gradual_drift,0.1,-0.1,0.0
2026-01-02 16:30:00,0.0262,normal,,0.1,-0.1,0.0
2026-01-02 16:31:00,0.02,normal,,0.1,-0.1,0.0
2026-01-02 16:32:00,0.0046,normal,,0.1,-0.1,0.0
2026-01-02 16:33:00,0.0198,normal,,0.1,-0.1,0.0
2026-01-02 16:34:00,0.0205,normal,,0.1,-0.1,0.0
2026-01-02 16:35:00,-0.021,normal,,0.1,-0.1,0.0
2026-01-02 16:36:00,-0.0115,normal,,0.1,-0.1,0.0
2026-01-02 16:37:00,-0.0303,normal,,0.1,-0.1,0.0
2026-01-02 16:38:00,0.0308,normal,,0.1,-0.1,0.0
2026-01-02 16:39:00,-0.0044,normal,,0.1,-0.1,0.0
2026-01-02 16:40:00,0.0305,normal,,0.1,-0.1,0.0
2026-01-02 16:41:00,-0.0181,normal,,0.1,-0.1,0.0
2026-01-02 16:42:00,0.0192,normal,,0.1,-0.1,0.0
2026-01-02 16:43:00,-0.0227,normal,,0.1,-0.1,0.0
2026-01-02 16:44:00,-0.0319,normal,,0.1,-0.1,0.0
2026-01-02 16:45:00,0.0048,normal,,0.1,-0.1,0.0
2026-01-02 16:46:00,-0.0351,normal,,0.1,-0.1,0.0
2026-01-02 16:47:00,-0.0114,normal,,0.1,-0.1,0.0
2026-01-02 16:48:00,0.031,normal,,0.1,-0.1,0.0
2026-01-02 16:49:00,0.0107,normal,,0.1,-0.1,0.0
2026-01-02 16:50:00,-0.0069,normal,,0.1,-0.1,0.0
2026-01-02 16:51:00,-0.027,normal,,0.1,-0.1,0.0
2026-01-02 16:52:00,-0.0169,normal,,0.1,-0.1,0.0
2026-01-02 16:53:00,-0.0063,normal,,0.1,-0.1,0.0
2026-01-02 16:54:00,0.0029,normal,,0.1,-0.1,0.0
2026-01-02 16:55:00,0.0381,normal,,0.1,-0.1,0.0
2026-01-02 16:56:00,-0.0008,normal,,0.1,-0.1,0.0
2026-01-02 16:57:00,-0.0065,normal,,0.1,-0.1,0.0
2026-01-02 16:58:00,0.0026,normal,,0.1,-0.1,0.0
2026-01-02 16:59:00,0.0202,normal,,0.1,-0.1,0.0
2026-01-02 17:00:00,-0.0183,normal,,0.1,-0.1,0.0
2026-01-02 17:01:00,0.0094,normal,,0.1,-0.1,0.0
2026-01-02 17:02:00,0.0272,normal,,0.1,-0.1,0.0
2026-01-02 17:03:00,-0.0164,normal,,0.1,-0.1,0.0
2026-01-02 17:04:00,-0.0143,normal,,0.1,-0.1,0.0
2026-01-02 17:05:00,0.0061,normal,,0.1,-0.1,0.0
2026-01-02 17:06:00,0.0006,normal,,0.1,-0.1,0.0
2026-01-02 17:07:00,-0.0075,normal,,0.1,-0.1,0.0
2026-01-02 17:08:00,0.0072,normal,,0.1,-0.1,0.0
2026-01-02 17:09:00,0.0229,normal,,0.1,-0.1,0.0
2026-01-02 17:10:00,0.0424,normal,,0.1,-0.1,0.0
2026-01-02 17:11:00,0.0111,normal,,0.1,-0.1,0.0
2026-01-02 17:12:00,0.013,normal,,0.1,-0.1,0.0
2026-01-02 17:13:00,-0.0064,normal,,0.1,-0.1,0.0
2026-01-02 17:14:00,0.0252,normal,,0.1,-0.1,0.0
2026-01-02 17:15:00,-0.0162,normal,,0.1,-0.1,0.0
2026-01-02 17:16:00,-0.0124,normal,,0.1,-0.1,0.0
2026-01-02 17:17:00,-0.0211,normal,,0.1,-0.1,0.0
2026-01-02 17:18:00,0.0078,normal,,0.1,-0.1,0.0
2026-01-02 17:19:00,-0.0159,normal,,0.1,-0.1,0.0
