timestamp,value,label,anomaly_type,usl,lsl,nominal
2026-01-01 08:00:00,3.1978,normal,,3.23,3.17,3.2
2026-01-01 08:01:00,3.2121,normal,,3.23,3.17,3.2
2026-01-01 08:02:00,3.2145,normal,,3.23,3.17,3.2
2026-01-01 08:03:00,3.1975,normal,,3.23,3.17,3.2
2026-01-01 08:04:00,3.1963,normal,,3.23,3.17,3.2
2026-01-01 08:05:00,3.1974,normal,,3.23,3.17,3.2
2026-01-01 08:06:00,3.1939,normal,,3.23,3.17,3.2
2026-01-01 08:07:00,3.194,normal,,3.23,3.17,3.2
2026-01-01 08:08:00,3.1972,normal,,3.23,3.17,3.2
2026-01-01 08:09:00,3.1994,normal,,3.23,3.17,3.2
2026-01-01 08:10:00,3.2033,normal,,3.23,3.17,3.2
2026-01-01 08:11:00,3.1926,normal,,3.23,3.17,3.2
2026-01-01 08:12:00,3.2001,normal,,3.23,3.17,3.2
2026-01-01 08:13:00,3.1977,normal,,3.23,3.17,3.2
2026-01-01 08:14:00,3.2082,normal,,3.23,3.17,3.2
2026-01-01 08:15:00,3.1811,normal,,3.23,3.17,3.2
2026-01-01 08:16:00,3.2003,normal,,3.23,3.17,3.2
2026-01-01 08:17:00,3.2034,normal,,3.23,3.17,3.2
2026-01-01 08:18:00,3.2009,normal,,3.23,3.17,3.2
2026-01-01 08:19:00,3.1987,normal,,3.23,3.17,3.2
2026-01-01 08:20:00,3.1996,normal,,3.23,3.17,3.2
2026-01-01 08:21:00,3.1879,normal,,3.23,3.17,3.2
2026-01-01 08:22:00,3.1983,normal,,3.23,3.17,3.2
2026-01-01 08:23:00,3.1948,normal,,3.23,3.17,3.2
2026-01-01 08:24:00,3.195,normal,,3.23,3.17,3.2
2026-01-01 08:25:00,3.193,normal,,3.23,3.17,3.2
2026-01-01 08:26:00,3.2077,normal,,3.23,3.17,3.2
2026-01-01 08:27:00,3.1991,normal,,3.23,3.17,3.2
2026-01-01 08:28:00,3.1967,normal,,3.23,3.17,3.2
2026-01-01 08:29:00,3.2003,normal,,3.23,3.17,3.2
2026-01-01 08:30:00,3.1912,normal,,3.23,3.17,3.2
2026-01-01 08:31:00,3.195,normal,,3.23,3.17,3.2
2026-01-01 08:32:00,3.1989,normal,,3.23,3.17,3.2
2026-01-01 08:33:00,3.1974,normal,,3.23,3.17,3.2
2026-01-01 08:34:00,3.1995,normal,,3.23,3.17,3.2
2026-01-01 08:35:00,3.2052,normal,,3.23,3.17,3.2
2026-01-01 08:36:00,3.1987,normal,,3.23,3.17,3.2
2026-01-01 08:37:00,3.1971,normal,,3.23,3.17,3.2
2026-01-01 08:38:00,3.212,normal,,3.23,3.17,3.2
2026-01-01 08:39:00,3.2113,normal,,3.23,3.17,3.2
2026-01-01 08:40:00,3.1951,normal,,3.23,3.17,3.2
2026-01-01 08:41:00,3.1946,normal,,3.23,3.17,3.2
2026-01-01 08:42:00,3.2128,normal,,3.23,3.17,3.2
2026-01-01 08:43:00,3.1933,normal,,3.23,3.17,3.2
2026-01-01 08:44:00,3.1985,normal,,3.23,3.17,3.2
2026-01-01 08:45:00,3.2198,anomaly,nelson_rule1_ucl_breach,3.23,3.17,3.2
2026-01-01 08:46:00,3.2058,normal,,3.23,3.17,3.2
2026-01-01 08:47:00,3.1915,normal,,3.23,3.17,3.2
2026-01-01 08:48:00,3.1918,normal,,3.23,3.17,3.2
2026-01-01 08:49:00,3.2067,normal,,3.23,3.17,3.2
2026-01-01 08:50:00,3.2038,anomaly,gradual_drift,3.23,3.17,3.2
2026-01-01 08:51:00,3.2107,anomaly,gradual_drift,3.23,3.17,3.2
2026-01-01 08:52:00,3.2095,anomaly,gradual_drift,3.23,3.17,3.2
2026-01-01 08:53:00,3.2075,anomaly,gradual_drift,3.23,3.17,3.2
2026-01-01 08:54:00,3.2056,anomaly,gradual_drift,3.23,3.17,3.2
2026-01-01 08:55:00,3.2,anomaly,gradual_drift,3.23,3.17,3.2
2026-01-01 08:56:00,3.2064,anomaly,variance_increase,3.23,3.17,3.2
2026-01-01 08:57:00,3.2478,anomaly,variance_increase,3.23,3.17,3.2
2026-01-01 08:58:00,3.1968,anomaly,variance_increase,3.23,3.17,3.2
2026-01-01 08:59:00,3.1743,anomaly,variance_increase,3.23,3.17,3.2
2026-01-01 09:00:00,3.1851,anomaly,variance_increase,3.23,3.17,3.2
2026-01-01 09:01:00,3.2065,anomaly,variance_increase,3.23,3.17,3.2
2026-01-01 09:02:00,3.1884,anomaly,variance_increase,3.23,3.17,3.2
2026-01-01 09:03:00,3.2018,anomaly,variance_increase,3.23,3.17,3.2
2026-01-01 09:04:00,3.1868,anomaly,variance_increase,3.23,3.17,3.2
2026-01-01 09:05:00,3.184,anomaly,variance_increase,3.23,3.17,3.2
2026-01-01 09:06:00,3.1966,anomaly,variance_increase,3.23,3.17,3.2
2026-01-01 09:07:00,3.2107,anomaly,variance_increase,3.23,3.17,3.2
2026-01-01 09:08:00,3.1915,anomaly,variance_increase,3.23,3.17,3.2
2026-01-01 09:09:00,3.1911,anomaly,variance_increase,3.23,3.17,3.2
2026-01-01 09:10:00,3.1629,anomaly,variance_increase,3.23,3.17,3.2
2026-01-01 09:11:00,3.208,anomaly,variance_increase,3.23,3.17,3.2
2026-01-01 09:12:00,3.1698,anomaly,variance_increase,3.23,3.17,3.2
2026-01-01 09:13:00,3.2408,anomaly,variance_increase,3.23,3.17,3.2
2026-01-01 09:14:00,3.186,anomaly,variance_increase,3.23,3.17,3.2
2026-01-01 09:15:00,3.209,anomaly,variance_increase,3.23,3.17,3.2
2026-01-01 09:16:00,3.2063,anomaly,variance_increase,3.23,3.17,3.2
2026-01-01 09:17:00,3.222,anomaly,variance_increase,3.23,3.17,3.2
2026-01-01 09:18:00,3.1883,anomaly,variance_increase,3.23,3.17,3.2
2026-01-01 09:19:00,3.201,anomaly,variance_increase,3.23,3.17,3.2
2026-01-01 09:20:00,3.169,anomaly,variance_increase,3.23,3.17,3.2
2026-01-01 09:21:00,3.2086,anomaly,variance_increase,3.23,3.17,3.2
2026-01-01 09:22:00,3.1571,anomaly,variance_increase,3.23,3.17,3.2
2026-01-01 09:23:00,3.2136,anomaly,variance_increase,3.23,3.17,3.2
2026-01-01 09:24:00,3.1993,anomaly,variance_increase,3.23,3.17,3.2
2026-01-01 09:25:00,3.2013,anomaly,variance_increase,3.23,3.17,3.2
2026-01-01 09:26:00,3.1887,anomaly,variance_increase,3.23,3.17,3.2
2026-01-01 09:27:00,3.2122,anomaly,variance_increase,3.23,3.17,3.2
2026-01-01 09:28:00,3.195,anomaly,variance_increase,3.23,3.17,3.2
2026-01-01 09:29:00,3.2117,anomaly,variance_increase,3.23,3.17,3.2
2026-01-01 09:30:00,3.1981,anomaly,variance_increase,3.23,3.17,3.2
2026-01-01 09:31:00,3.1694,anomaly,variance_increase,3.23,3.17,3.2
2026-01-01 09:32:00,3.2165,anomaly,variance_increase,3.23,3.17,3.2
2026-01-01 09:33:00,3.2265,anomaly,variance_increase,3.23,3.17,3.2
2026-01-01 09:34:00,3.1933,anomaly,variance_increase,3.23,3.17,3.2
2026-01-01 09:35:00,3.2013,anomaly,variance_increase,3.23,3.17,3.2
2026-01-01 09:36:00,3.2123,anomaly,variance_increase,3.23,3.17,3.2
2026-01-01 09:37:00,3.1781,anomaly,variance_increase,3.23,3.17,3.2
2026-01-01 09:38:00,3.2093,anomaly,variance_increase,3.23,3.17,3.2
2026-01-01 09:39:00,3.187,anomaly,variance_increase,3.23,3.17,3.2
2026-01-01 09:40:00,3.2022,normal,,3.23,3.17,3.2
2026-01-01 09:41:00,3.1992,normal,,3.23,3.17,3.2
2026-01-01 09:42:00,3.211,normal,,3.23,3.17,3.2
2026-01-01 09:43:00,3.2006,normal,,3.23,3.17,3.2
2026-01-01 09:44:00,3.1897,normal,,3.23,3.17,3.2
2026-01-01 09:45:00,3.1964,normal,,3.23,3.17,3.2
2026-01-01 09:46:00,3.2104,normal,,3.23,3.17,3.2
2026-01-01 09:47:00,3.2054,normal,,3.23,3.17,3.2
2026-01-01 09:48:00,3.1971,normal,,3.23,3.17,3.2
2026-01-01 09:49:00,3.1882,normal,,3.23,3.17,3.2
2026-01-01 09:50:00,3.2049,normal,,3.23,3.17,3.2
2026-01-01 09:51:00,3.2007,normal,,3.23,3.17,3.2
2026-01-01 09:52:00,3.1955,normal,,3.23,3.17,3.2
2026-01-01 09:53:00,3.1959,normal,,3.23,3.17,3.2
2026-01-01 09:54:00,3.2009,normal,,3.23,3.17,3.2
2026-01-01 09:55:00,3.2109,normal,,3.23,3.17,3.2
2026-01-01 09:56:00,3.2074,normal,,3.23,3.17,3.2
2026-01-01 09:57:00,3.1994,normal,,3.23,3.17,3.2
2026-01-01 09:58:00,3.2038,normal,,3.23,3.17,3.2
2026-01-01 09:59:00,3.1992,normal,,3.23,3.17,3.2
2026-01-01 10:00:00,3.1934,normal,,3.23,3.17,3.2
2026-01-01 10:01:00,3.1961,normal,,3.23,3.17,3.2
2026-01-01 10:02:00,3.1979,normal,,3.23,3.17,3.2
2026-01-01 10:03:00,3.195,normal,,3.23,3.17,3.2
2026-01-01 10:04:00,3.1929,normal,,3.23,3.17,3.2
2026-01-01 10:05:00,3.2053,normal,,3.23,3.17,3.2
2026-01-01 10:06:00,3.1977,normal,,3.23,3.17,3.2
2026-01-01 10:07:00,3.2053,normal,,3.23,3.17,3.2
2026-01-01 10:08:00,3.2003,normal,,3.23,3.17,3.2
2026-01-01 10:09:00,3.2078,normal,,3.23,3.17,3.2
2026-01-01 10:10:00,3.2008,normal,,3.23,3.17,3.2
2026-01-01 10:11:00,3.2002,normal,,3.23,3.17,3.2
2026-01-01 10:12:00,3.1824,normal,,3.23,3.17,3.2
2026-01-01 10:13:00,3.2081,normal,,3.23,3.17,3.2
2026-01-01 10:14:00,3.2071,normal,,3.23,3.17,3.2
2026-01-01 10:15:00,3.1987,normal,,3.23,3.17,3.2
2026-01-01 10:16:00,3.19,normal,,3.23,3.17,3.2
2026-01-01 10:17:00,3.2029,normal,,3.23,3.17,3.2
2026-01-01 10:18:00,3.2009,normal,,3.23,3.17,3.2
2026-01-01 10:19:00,3.1968,normal,,3.23,3.17,3.2
2026-01-01 10:20:00,3.2067,normal,,3.23,3.17,3.2
2026-01-01 10:21:00,3.206,normal,,3.23,3.17,3.2
2026-01-01 10:22:00,3.1987,normal,,3.23,3.17,3.2
2026-01-01 10:23:00,3.2046,normal,,3.23,3.17,3.2
2026-01-01 10:24:00,3.2024,normal,,3.23,3.17,3.2
2026-01-01 10:25:00,3.1999,normal,,3.23,3.17,3.2
2026-01-01 10:26:00,3.2102,normal,,3.23,3.17,3.2
2026-01-01 10:27:00,3.2024,normal,,3.23,3.17,3.2
2026-01-01 10:28:00,3.1959,normal,,3.23,3.17,3.2
2026-01-01 10:29:00,3.1921,normal,,3.23,3.17,3.2
2026-01-01 10:30:00,3.1915,normal,,3.23,3.17,3.2
2026-01-01 10:31:00,3.2022,normal,,3.23,3.17,3.2
2026-01-01 10:32:00,3.2027,normal,,3.23,3.17,3.2
2026-01-01 10:33:00,3.2074,normal,,3.23,3.17,3.2
2026-01-01 10:34:00,3.1917,normal,,3.23,3.17,3.2
2026-01-01 10:35:00,3.1908,normal,,3.23,3.17,3.2
2026-01-01 10:36:00,3.1992,normal,,3.23,3.17,3.2
2026-01-01 10:37:00,3.2024,normal,,3.23,3.17,3.2
2026-01-01 10:38:00,3.2084,normal,,3.23,3.17,3.2
2026-01-01 10:39:00,3.192,normal,,3.23,3.17,3.2
2026-01-01 10:40:00,3.2077,normal,,3.23,3.17,3.2
2026-01-01 10:41:00,3.1982,normal,,3.23,3.17,3.2
2026-01-01 10:42:00,3.2027,normal,,3.23,3.17,3.2
2026-01-01 10:43:00,3.2049,normal,,3.23,3.17,3.2
2026-01-01 10:44:00,3.1954,normal,,3.23,3.17,3.2
2026-01-01 10:45:00,3.193,normal,,3.23,3.17,3.2
2026-01-01 10:46:00,3.2044,normal,,3.23,3.17,3.2
2026-01-01 10:47:00,3.1995,normal,,3.23,3.17,3.2
2026-01-01 10:48:00,3.2097,normal,,3.23,3.17,3.2
2026-01-01 10:49:00,3.1953,normal,,3.23,3.17,3.2
2026-01-01 10:50:00,3.1969,normal,,3.23,3.17,3.2
2026-01-01 10:51:00,3.203,normal,,3.23,3.17,3.2
2026-01-01 10:52:00,3.1877,normal,,3.23,3.17,3.2
2026-01-01 10:53:00,3.2007,normal,,3.23,3.17,3.2
2026-01-01 10:54:00,3.1989,normal,,3.23,3.17,3.2
2026-01-01 10:55:00,3.1994,normal,,3.23,3.17,3.2
2026-01-01 10:56:00,3.1912,normal,,3.23,3.17,3.2
2026-01-01 10:57:00,3.218,normal,,3.23,3.17,3.2
2026-01-01 10:58:00,3.1923,normal,,3.23,3.17,3.2
2026-01-01 10:59:00,3.2047,normal,,3.23,3.17,3.2
2026-01-01 11:00:00,3.193,normal,,3.23,3.17,3.2
2026-01-01 11:01:00,3.2091,normal,,3.23,3.17,3.2
2026-01-01 11:02:00,3.205,normal,,3.23,3.17,3.2
2026-01-01 11:03:00,3.2217,normal,,3.23,3.17,3.2
2026-01-01 11:04:00,3.1963,normal,,3.23,3.17,3.2
2026-01-01 11:05:00,3.1983,normal,,3.23,3.17,3.2
2026-01-01 11:06:00,3.195,normal,,3.23,3.17,3.2
2026-01-01 11:07:00,3.1914,normal,,3.23,3.17,3.2
2026-01-01 11:08:00,3.1992,normal,,3.23,3.17,3.2
2026-01-01 11:09:00,3.1962,normal,,3.23,3.17,3.2
2026-01-01 11:10:00,3.2081,normal,,3.23,3.17,3.2
2026-01-01 11:11:00,3.1955,normal,,3.23,3.17,3.2
2026-01-01 11:12:00,3.2014,normal,,3.23,3.17,3.2
2026-01-01 11:13:00,3.2073,normal,,3.23,3.17,3.2
2026-01-01 11:14:00,3.2018,normal,,3.23,3.17,3.2
2026-01-01 11:15:00,3.1995,normal,,3.23,3.17,3.2
2026-01-01 11:16:00,3.2001,normal,,3.23,3.17,3.2
2026-01-01 11:17:00,3.1954,normal,,3.23,3.17,3.2
2026-01-01 11:18:00,3.2095,normal,,3.23,3.17,3.2
2026-01-01 11:19:00,3.194,normal,,3.23,3.17,3.2
2026-01-01 11:20:00,3.1982,normal,,3.23,3.17,3.2
2026-01-01 11:21:00,3.2009,normal,,3.23,3.17,3.2
2026-01-01 11:22:00,3.2044,normal,,3.23,3.17,3.2
2026-01-01 11:23:00,3.2041,normal,,3.23,3.17,3.2
2026-01-01 11:24:00,3.2047,normal,,3.23,3.17,3.2
2026-01-01 11:25:00,3.2112,normal,,3.23,3.17,3.2
2026-01-01 11:26:00,3.1971,normal,,3.23,3.17,3.2
2026-01-01 11:27:00,3.1923,normal,,3.23,3.17,3.2
2026-01-01 11:28:00,3.2017,normal,,3.23,3.17,3.2
2026-01-01 11:29:00,3.2058,normal,,3.23,3.17,3.2
2026-01-01 11:30:00,3.2094,normal,,3.23,3.17,3.2
2026-01-01 11:31:00,3.2085,normal,,3.23,3.17,3.2
2026-01-01 11:32:00,3.2015,normal,,3.23,3.17,3.2
2026-01-01 11:33:00,3.1982,normal,,3.23,3.17,3.2
2026-01-01 11:34:00,3.2006,normal,,3.23,3.17,3.2
2026-01-01 11:35:00,3.2034,normal,,3.23,3.17,3.2
2026-01-01 11:36:00,3.2068,normal,,3.23,3.17,3.2
2026-01-01 11:37:00,3.1917,normal,,3.23,3.17,3.2
2026-01-01 11:38:00,3.1914,normal,,3.23,3.17,3.2
2026-01-01 11:39:00,3.2012,normal,,3.23,3.17,3.2
2026-01-01 11:40:00,3.1956,normal,,3.23,3.17,3.2
2026-01-01 11:41:00,3.2033,normal,,3.23,3.17,3.2
2026-01-01 11:42:00,3.2018,normal,,3.23,3.17,3.2
2026-01-01 11:43:00,3.1976,normal,,3.23,3.17,3.2
2026-01-01 11:44:00,3.2104,normal,,3.23,3.17,3.2
2026-01-01 11:45:00,3.2003,normal,,3.23,3.17,3.2
2026-01-01 11:46:00,3.2021,normal,,3.23,3.17,3.2
2026-01-01 11:47:00,3.1934,normal,,3.23,3.17,3.2
2026-01-01 11:48:00,3.1845,normal,,3.23,3.17,3.2
2026-01-01 11:49:00,3.1947,normal,,3.23,3.17,3.2
2026-01-01 11:50:00,3.1944,normal,,3.23,3.17,3.2
2026-01-01 11:51:00,3.2043,normal,,3.23,3.17,3.2
2026-01-01 11:52:00,3.1932,normal,,3.23,3.17,3.2
2026-01-01 11:53:00,3.1905,normal,,3.23,3.17,3.2
2026-01-01 11:54:00,3.1925,normal,,3.23,3.17,3.2
2026-01-01 11:55:00,3.2033,normal,,3.23,3.17,3.2
2026-01-01 11:56:00,3.2057,normal,,3.23,3.17,3.2
2026-01-01 11:57:00,3.197,normal,,3.23,3.17,3.2
2026-01-01 11:58:00,3.2019,normal,,3.23,3.17,3.2
2026-01-01 11:59:00,3.1972,normal,,3.23,3.17,3.2
2026-01-01 12:00:00,3.1938,normal,,3.23,3.17,3.2
2026-01-01 12:01:00,3.2003,normal,,3.23,3.17,3.2
2026-01-01 12:02:00,3.1941,normal,,3.23,3.17,3.2
2026-01-01 12:03:00,3.2111,normal,,3.23,3.17,3.2
2026-01-01 12:04:00,3.1998,normal,,3.23,3.17,3.2
2026-01-01 12:05:00,3.1974,normal,,3.23,3.17,3.2
2026-01-01 12:06:00,3.2089,normal,,3.23,3.17,3.2
2026-01-01 12:07:00,3.2044,normal,,3.23,3.17,3.2
2026-01-01 12:08:00,3.1989,normal,,3.23,3.17,3.2
2026-01-01 12:09:00,3.2,normal,,3.23,3.17,3.2
2026-01-01 12:10:00,3.2075,normal,,3.23,3.17,3.2
2026-01-01 12:11:00,3.1989,normal,,3.23,3.17,3.2
2026-01-01 12:12:00,3.1894,normal,,3.23,3.17,3.2
2026-01-01 12:13:00,3.1955,normal,,3.23,3.17,3.2
2026-01-01 12:14:00,3.2101,normal,,3.23,3.17,3.2
2026-01-01 12:15:00,3.1961,normal,,3.23,3.17,3.2
2026-01-01 12:16:00,3.208,normal,,3.23,3.17,3.2
2026-01-01 12:17:00,3.1997,normal,,3.23,3.17,3.2
2026-01-01 12:18:00,3.1987,normal,,3.23,3.17,3.2
2026-01-01 12:19:00,3.1938,normal,,3.23,3.17,3.2
2026-01-01 12:20:00,3.1995,normal,,3.23,3.17,3.2
2026-01-01 12:21:00,3.2049,normal,,3.23,3.17,3.2
2026-01-01 12:22:00,3.2048,normal,,3.23,3.17,3.2
2026-01-01 12:23:00,3.1906,normal,,3.23,3.17,3.2
2026-01-01 12:24:00,3.2016,normal,,3.23,3.17,3.2
2026-01-01 12:25:00,3.1979,normal,,3.23,3.17,3.2
2026-01-01 12:26:00,3.188,normal,,3.23,3.17,3.2
2026-01-01 12:27:00,3.1926,normal,,3.23,3.17,3.2
2026-01-01 12:28:00,3.1862,normal,,3.23,3.17,3.2
2026-01-01 12:29:00,3.2031,normal,,3.23,3.17,3.2
2026-01-01 12:30:00,3.2022,normal,,3.23,3.17,3.2
2026-01-01 12:31:00,3.1939,normal,,3.23,3.17,3.2
2026-01-01 12:32:00,3.1956,normal,,3.23,3.17,3.2
2026-01-01 12:33:00,3.2033,normal,,3.23,3.17,3.2
2026-01-01 12:34:00,3.2042,normal,,3.23,3.17,3.2
2026-01-01 12:35:00,3.2098,normal,,3.23,3.17,3.2
2026-01-01 12:36:00,3.2062,normal,,3.23,3.17,3.2
2026-01-01 12:37:00,3.2022,normal,,3.23,3.17,3.2
2026-01-01 12:38:00,3.1959,normal,,3.23,3.17,3.2
2026-01-01 12:39:00,3.1868,normal,,3.23,3.17,3.2
2026-01-01 12:40:00,3.2013,normal,,3.23,3.17,3.2
2026-01-01 12:41:00,3.2011,normal,,3.23,3.17,3.2
2026-01-01 12:42:00,3.2077,normal,,3.23,3.17,3.2
2026-01-01 12:43:00,3.2118,normal,,3.23,3.17,3.2
2026-01-01 12:44:00,3.2036,normal,,3.23,3.17,3.2
2026-01-01 12:45:00,3.2013,normal,,3.23,3.17,3.2
2026-01-01 12:46:00,3.2065,normal,,3.23,3.17,3.2
2026-01-01 12:47:00,3.1999,normal,,3.23,3.17,3.2
2026-01-01 12:48:00,3.2096,normal,,3.23,3.17,3.2
2026-01-01 12:49:00,3.1938,normal,,3.23,3.17,3.2
2026-01-01 12:50:00,3.1942,normal,,3.23,3.17,3.2
2026-01-01 12:51:00,3.1918,normal,,3.23,3.17,3.2
2026-01-01 12:52:00,3.1997,normal,,3.23,3.17,3.2
2026-01-01 12:53:00,3.19,normal,,3.23,3.17,3.2
2026-01-01 12:54:00,3.1993,normal,,3.23,3.17,3.2
2026-01-01 12:55:00,3.2019,normal,,3.23,3.17,3.2
2026-01-01 12:56:00,3.2051,normal,,3.23,3.17,3.2
2026-01-01 12:57:00,3.1943,normal,,3.23,3.17,3.2
2026-01-01 12:58:00,3.1863,normal,,3.23,3.17,3.2
2026-01-01 12:59:00,3.2055,normal,,3.23,3.17,3.2
2026-01-01 13:00:00,3.2053,normal,,3.23,3.17,3.2
2026-01-01 13:01:00,3.1949,normal,,3.23,3.17,3.2
2026-01-01 13:02:00,3.1965,normal,,3.23,3.17,3.2
2026-01-01 13:03:00,3.1883,normal,,3.23,3.17,3.2
2026-01-01 13:04:00,3.2049,normal,,3.23,3.17,3.2
2026-01-01 13:05:00,3.1842,normal,,3.23,3.17,3.2
2026-01-01 13:06:00,3.2088,normal,,3.23,3.17,3.2
2026-01-01 13:07:00,3.1938,normal,,3.23,3.17,3.2
2026-01-01 13:08:00,3.2094,normal,,3.23,3.17,3.2
2026-01-01 13:09:00,3.2053,normal,,3.23,3.17,3.2
2026-01-01 13:10:00,3.2003,normal,,3.23,3.17,3.2
2026-01-01 13:11:00,3.1927,normal,,3.23,3.17,3.2
2026-01-01 13:12:00,3.1996,normal,,3.23,3.17,3.2
2026-01-01 13:13:00,3.19,normal,,3.23,3.17,3.2
2026-01-01 13:14:00,3.2049,normal,,3.23,3.17,3.2
2026-01-01 13:15:00,3.1998,normal,,3.23,3.17,3.2
2026-01-01 13:16:00,3.1977,normal,,3.23,3.17,3.2
2026-01-01 13:17:00,3.1965,normal,,3.23,3.17,3.2
2026-01-01 13:18:00,3.2016,normal,,3.23,3.17,3.2
2026-01-01 13:19:00,3.195,normal,,3.23,3.17,3.2
2026-01-01 13:20:00,3.1988,normal,,3.23,3.17,3.2
2026-01-01 13:21:00,3.1927,normal,,3.23,3.17,3.2
2026-01-01 13:22:00,3.1979,normal,,3.23,3.17,3.2
2026-01-01 13:23:00,3.1974,normal,,3.23,3.17,3.2
2026-01-01 13:24:00,3.1998,normal,,3.23,3.17,3.2
2026-01-01 13:25:00,3.2039,normal,,3.23,3.17,3.2
2026-01-01 13:26:00,3.202,normal,,3.23,3.17,3.2
2026-01-01 13:27:00,3.1942,normal,,3.23,3.17,3.2
2026-01-01 13:28:00,3.2007,normal,,3.23,3.17,3.2
2026-01-01 13:29:00,3.2046,normal,,3.23,3.17,3.2
2026-01-01 13:30:00,3.2021,normal,,3.23,3.17,3.2
2026-01-01 13:31:00,3.201,normal,,3.23,3.17,3.2
2026-01-01 13:32:00,3.2037,normal,,3.23,3.17,3.2
2026-01-01 13:33:00,3.2043,normal,,3.23,3.17,3.2
2026-01-01 13:34:00,3.2052,normal,,3.23,3.17,3.2
2026-01-01 13:35:00,3.2049,normal,,3.23,3.17,3.2
2026-01-01 13:36:00,3.2046,normal,,3.23,3.17,3.2
2026-01-01 13:37:00,3.2077,normal,,3.23,3.17,3.2
2026-01-01 13:38:00,3.189,normal,,3.23,3.17,3.2
2026-01-01 13:39:00,3.2015,normal,,3.23,3.17,3.2
2026-01-01 13:40:00,3.1945,normal,,3.23,3.17,3.2
2026-01-01 13:41:00,3.1933,normal,,3.23,3.17,3.2
2026-01-01 13:42:00,3.1924,normal,,3.23,3.17,3.2
2026-01-01 13:43:00,3.2008,normal,,3.23,3.17,3.2
2026-01-01 13:44:00,3.2126,normal,,3.23,3.17,3.2
2026-01-01 13:45:00,3.2003,normal,,3.23,3.17,3.2
2026-01-01 13:46:00,3.1999,normal,,3.23,3.17,3.2
2026-01-01 13:47:00,3.1881,normal,,3.23,3.17,3.2
2026-01-01 13:48:00,3.2014,normal,,3.23,3.17,3.2
2026-01-01 13:49:00,3.1997,normal,,3.23,3.17,3.2
2026-01-01 13:50:00,3.1941,normal,,3.23,3.17,3.2
2026-01-01 13:51:00,3.1959,normal,,3.23,3.17,3.2
2026-01-01 13:52:00,3.2009,normal,,3.23,3.17,3.2
2026-01-01 13:53:00,3.1998,normal,,3.23,3.17,3.2
2026-01-01 13:54:00,3.2062,normal,,3.23,3.17,3.2
2026-01-01 13:55:00,3.2064,normal,,3.23,3.17,3.2
2026-01-01 13:56:00,3.2006,normal,,3.23,3.17,3.2
2026-01-01 13:57:00,3.1948,normal,,3.23,3.17,3.2
2026-01-01 13:58:00,3.2027,normal,,3.23,3.17,3.2
2026-01-01 13:59:00,3.2001,normal,,3.23,3.17,3.2
2026-01-01 14:00:00,3.2041,normal,,3.23,3.17,3.2
2026-01-01 14:01:00,3.1949,normal,,3.23,3.17,3.2
2026-01-01 14:02:00,3.2056,normal,,3.23,3.17,3.2
2026-01-01 14:03:00,3.2031,normal,,3.23,3.17,3.2
2026-01-01 14:04:00,3.2082,normal,,3.23,3.17,3.2
2026-01-01 14:05:00,3.2025,normal,,3.23,3.17,3.2
2026-01-01 14:06:00,3.1926,normal,,3.23,3.17,3.2
2026-01-01 14:07:00,3.197,normal,,3.23,3.17,3.2
2026-01-01 14:08:00,3.1948,normal,,3.23,3.17,3.2
2026-01-01 14:09:00,3.2003,normal,,3.23,3.17,3.2
2026-01-01 14:10:00,3.2,normal,,3.23,3.17,3.2
2026-01-01 14:11:00,3.1899,normal,,3.23,3.17,3.2
2026-01-01 14:12:00,3.2016,normal,,3.23,3.17,3.2
2026-01-01 14:13:00,3.1988,normal,,3.23,3.17,3.2
2026-01-01 14:14:00,3.2019,normal,,3.23,3.17,3.2
2026-01-01 14:15:00,3.1903,normal,,3.23,3.17,3.2
2026-01-01 14:16:00,3.1987,normal,,3.23,3.17,3.2
2026-01-01 14:17:00,3.2029,normal,,3.23,3.17,3.2
2026-01-01 14:18:00,3.1941,normal,,3.23,3.17,3.2
2026-01-01 14:19:00,3.1996,normal,,3.23,3.17,3.2
2026-01-01 14:20:00,3.2002,normal,,3.23,3.17,3.2
2026-01-01 14:21:00,3.2046,normal,,3.23,3.17,3.2
2026-01-01 14:22:00,3.1919,normal,,3.23,3.17,3.2
2026-01-01 14:23:00,3.2083,normal,,3.23,3.17,3.2
2026-01-01 14:24:00,3.2145,normal,,3.23,3.17,3.2
2026-01-01 14:25:00,3.1953,normal,,3.23,3.17,3.2
2026-01-01 14:26:00,3.1955,normal,,3.23,3.17,3.2
2026-01-01 14:27:00,3.1946,normal,,3.23,3.17,3.2
2026-01-01 14:28:00,3.1995,normal,,3.23,3.17,3.2
2026-01-01 14:29:00,3.1966,normal,,3.23,3.17,3.2
2026-01-01 14:30:00,3.1971,normal,,3.23,3.17,3.2
2026-01-01 14:31:00,3.1905,normal,,3.23,3.17,3.2
2026-01-01 14:32:00,3.1981,normal,,3.23,3.17,3.2
2026-01-01 14:33:00,3.1985,normal,,3.23,3.17,3.2
2026-01-01 14:34:00,3.2,normal,,3.23,3.17,3.2
2026-01-01 14:35:00,3.2096,normal,,3.23,3.17,3.2
2026-01-01 14:36:00,3.1979,normal,,3.23,3.17,3.2
2026-01-01 14:37:00,3.1935,normal,,3.23,3.17,3.2
2026-01-01 14:38:00,3.1967,normal,,3.23,3.17,3.2
2026-01-01 14:39:00,3.2021,normal,,3.23,3.17,3.2
2026-01-01 14:40:00,3.2,normal,,3.23,3.17,3.2
2026-01-01 14:41:00,3.1933,normal,,3.23,3.17,3.2
2026-01-01 14:42:00,3.1916,normal,,3.23,3.17,3.2
2026-01-01 14:43:00,3.1892,normal,,3.23,3.17,3.2
2026-01-01 14:44:00,3.1959,normal,,3.23,3.17,3.2
2026-01-01 14:45:00,3.198,normal,,3.23,3.17,3.2
2026-01-01 14:46:00,3.2012,normal,,3.23,3.17,3.2
2026-01-01 14:47:00,3.2036,normal,,3.23,3.17,3.2
2026-01-01 14:48:00,3.1991,normal,,3.23,3.17,3.2
2026-01-01 14:49:00,3.1907,normal,,3.23,3.17,3.2
2026-01-01 14:50:00,3.1925,normal,,3.23,3.17,3.2
2026-01-01 14:51:00,3.2029,normal,,3.23,3.17,3.2
2026-01-01 14:52:00,3.1993,normal,,3.23,3.17,3.2
2026-01-01 14:53:00,3.201,normal,,3.23,3.17,3.2
2026-01-01 14:54:00,3.1963,normal,,3.23,3.17,3.2
2026-01-01 14:55:00,3.1954,normal,,3.23,3.17,3.2
2026-01-01 14:56:00,3.2062,normal,,3.23,3.17,3.2
2026-01-01 14:57:00,3.2065,normal,,3.23,3.17,3.2
2026-01-01 14:58:00,3.2004,normal,,3.23,3.17,3.2
2026-01-01 14:59:00,3.1952,normal,,3.23,3.17,3.2
2026-01-01 15:00:00,3.1967,normal,,3.23,3.17,3.2
2026-01-01 15:01:00,3.2,normal,,3.23,3.17,3.2
2026-01-01 15:02:00,3.1998,normal,,3.23,3.17,3.2
2026-01-01 15:03:00,3.1978,normal,,3.23,3.17,3.2
2026-01-01 15:04:00,3.1987,normal,,3.23,3.17,3.2
2026-01-01 15:05:00,3.1947,normal,,3.23,3.17,3.2
2026-01-01 15:06:00,3.1968,normal,,3.23,3.17,3.2
2026-01-01 15:07:00,3.1898,normal,,3.23,3.17,3.2
2026-01-01 15:08:00,3.19,normal,,3.23,3.17,3.2
2026-01-01 15:09:00,3.1988,normal,,3.23,3.17,3.2
2026-01-01 15:10:00,3.2041,normal,,3.23,3.17,3.2
2026-01-01 15:11:00,3.1946,normal,,3.23,3.17,3.2
2026-01-01 15:12:00,3.2005,normal,,3.23,3.17,3.2
2026-01-01 15:13:00,3.2084,normal,,3.23,3.17,3.2
2026-01-01 15:14:00,3.1945,normal,,3.23,3.17,3.2
2026-01-01 15:15:00,3.202,normal,,3.23,3.17,3.2
2026-01-01 15:16:00,3.211,normal,,3.23,3.17,3.2
2026-01-01 15:17:00,3.1859,normal,,3.23,3.17,3.2
2026-01-01 15:18:00,3.1982,normal,,3.23,3.17,3.2
2026-01-01 15:19:00,3.1956,normal,,3.23,3.17,3.2
2026-01-01 15:20:00,3.1934,normal,,3.23,3.17,3.2
2026-01-01 15:21:00,3.1885,normal,,3.23,3.17,3.2
2026-01-01 15:22:00,3.1947,normal,,3.23,3.17,3.2
2026-01-01 15:23:00,3.1912,normal,,3.23,3.17,3.2
2026-01-01 15:24:00,3.208,normal,,3.23,3.17,3.2
2026-01-01 15:25:00,3.1863,normal,,3.23,3.17,3.2
2026-01-01 15:26:00,3.2002,normal,,3.23,3.17,3.2
2026-01-01 15:27:00,3.2033,normal,,3.23,3.17,3.2
2026-01-01 15:28:00,3.1999,normal,,3.23,3.17,3.2
2026-01-01 15:29:00,3.2022,normal,,3.23,3.17,3.2
2026-01-01 15:30:00,3.2034,normal,,3.23,3.17,3.2
2026-01-01 15:31:00,3.2041,normal,,3.23,3.17,3.2
2026-01-01 15:32:00,3.2079,normal,,3.23,3.17,3.2
2026-01-01 15:33:00,3.1932,normal,,3.23,3.17,3.2
2026-01-01 15:34:00,3.2063,normal,,3.23,3.17,3.2
2026-01-01 15:35:00,3.1904,normal,,3.23,3.17,3.2
2026-01-01 15:36:00,3.1956,normal,,3.23,3.17,3.2
2026-01-01 15:37:00,3.2025,normal,,3.23,3.17,3.2
2026-01-01 15:38:00,3.1941,normal,,3.23,3.17,3.2
2026-01-01 15:39:00,3.2033,normal,,3.23,3.17,3.2
2026-01-01 15:40:00,3.1894,normal,,3.23,3.17,3.2
2026-01-01 15:41:00,3.2059,normal,,3.23,3.17,3.2
2026-01-01 15:42:00,3.1966,normal,,3.23,3.17,3.2
2026-01-01 15:43:00,3.1936,normal,,3.23,3.17,3.2
2026-01-01 15:44:00,3.1934,normal,,3.23,3.17,3.2
2026-01-01 15:45:00,3.1956,normal,,3.23,3.17,3.2
2026-01-01 15:46:00,3.1935,normal,,3.23,3.17,3.2
2026-01-01 15:47:00,3.1985,normal,,3.23,3.17,3.2
2026-01-01 15:48:00,3.1995,normal,,3.23,3.17,3.2
2026-01-01 15:49:00,3.1993,normal,,3.23,3.17,3.2
2026-01-01 15:50:00,3.1978,normal,,3.23,3.17,3.2
2026-01-01 15:51:00,3.2015,normal,,3.23,3.17,3.2
2026-01-01 15:52:00,3.1937,normal,,3.23,3.17,3.2
2026-01-01 15:53:00,3.2029,normal,,3.23,3.17,3.2
2026-01-01 15:54:00,3.2096,normal,,3.23,3.17,3.2
2026-01-01 15:55:00,3.2,normal,,3.23,3.17,3.2
2026-01-01 15:56:00,3.1868,normal,,3.23,3.17,3.2
2026-01-01 15:57:00,3.2004,normal,,3.23,3.17,3.2
2026-01-01 15:58:00,3.2007,normal,,3.23,3.17,3.2
2026-01-01 15:59:00,3.2057,normal,,3.23,3.17,3.2
2026-01-01 16:00:00,3.2075,normal,,3.23,3.17,3.2
2026-01-01 16:01:00,3.2046,normal,,3.23,3.17,3.2
2026-01-01 16:02:00,3.1978,normal,,3.23,3.17,3.2
2026-01-01 16:03:00,3.2058,normal,,3.23,3.17,3.2
2026-01-01 16:04:00,3.2037,normal,,3.23,3.17,3.2
2026-01-01 16:05:00,3.2004,normal,,3.23,3.17,3.2
2026-01-01 16:06:00,3.2041,normal,,3.23,3.17,3.2
2026-01-01 16:07:00,3.186,normal,,3.23,3.17,3.2
2026-01-01 16:08:00,3.1891,normal,,3.23,3.17,3.2
2026-01-01 16:09:00,3.2006,normal,,3.23,3.17,3.2
2026-01-01 16:10:00,3.2178,normal,,3.23,3.17,3.2
2026-01-01 16:11:00,3.2066,normal,,3.23,3.17,3.2
2026-01-01 16:12:00,3.2004,normal,,3.23,3.17,3.2
2026-01-01 16:13:00,3.1995,normal,,3.23,3.17,3.2
2026-01-01 16:14:00,3.2101,normal,,3.23,3.17,3.2
2026-01-01 16:15:00,3.198,normal,,3.23,3.17,3.2
2026-01-01 16:16:00,3.1944,normal,,3.23,3.17,3.2
2026-01-01 16:17:00,3.1919,normal,,3.23,3.17,3.2
2026-01-01 16:18:00,3.193,normal,,3.23,3.17,3.2
2026-01-01 16:19:00,3.1935,normal,,3.23,3.17,3.2
2026-01-01 16:20:00,3.1981,normal,,3.23,3.17,3.2
2026-01-01 16:21:00,3.1954,normal,,3.23,3.17,3.2
2026-01-01 16:22:00,3.197,normal,,3.23,3.17,3.2
2026-01-01 16:23:00,3.206,normal,,3.23,3.17,3.2
2026-01-01 16:24:00,3.1984,normal,,3.23,3.17,3.2
2026-01-01 16:25:00,3.2045,normal,,3.23,3.17,3.2
2026-01-01 16:26:00,3.1935,normal,,3.23,3.17,3.2
2026-01-01 16:27:00,3.2017,normal,,3.23,3.17,3.2
2026-01-01 16:28:00,3.202,normal,,3.23,3.17,3.2
2026-01-01 16:29:00,3.197,normal,,3.23,3.17,3.2
2026-01-01 16:30:00,3.2095,normal,,3.23,3.17,3.2
2026-01-01 16:31:00,3.2004,normal,,3.23,3.17,3.2
2026-01-01 16:32:00,3.2023,normal,,3.23,3.17,3.2
2026-01-01 16:33:00,3.2,normal,,3.23,3.17,3.2
2026-01-01 16:34:00,3.1891,normal,,3.23,3.17,3.2
2026-01-01 16:35:00,3.2049,normal,,3.23,3.17,3.2
2026-01-01 16:36:00,3.2042,normal,,3.23,3.17,3.2
2026-01-01 16:37:00,3.2013,normal,,3.23,3.17,3.2
2026-01-01 16:38:00,3.195,normal,,3.23,3.17,3.2
2026-01-01 16:39:00,3.1941,normal,,3.23,3.17,3.2
2026-01-01 16:40:00,3.195,normal,,3.23,3.17,3.2
2026-01-01 16:41:00,3.1911,normal,,3.23,3.17,3.2
2026-01-01 16:42:00,3.2053,normal,,3.23,3.17,3.2
2026-01-01 16:43:00,3.2058,normal,,3.23,3.17,3.2
2026-01-01 16:44:00,3.1964,normal,,3.23,3.17,3.2
2026-01-01 16:45:00,3.1986,normal,,3.23,3.17,3.2
2026-01-01 16:46:00,3.2071,normal,,3.23,3.17,3.2
2026-01-01 16:47:00,3.2,normal,,3.23,3.17,3.2
2026-01-01 16:48:00,3.1968,normal,,3.23,3.17,3.2
2026-01-01 16:49:00,3.1937,normal,,3.23,3.17,3.2
2026-01-01 16:50:00,3.2074,normal,,3.23,3.17,3.2
2026-01-01 16:51:00,3.2076,normal,,3.23,3.17,3.2
2026-01-01 16:52:00,3.199,normal,,3.23,3.17,3.2
2026-01-01 16:53:00,3.1985,normal,,3.23,3.17,3.2
2026-01-01 16:54:00,3.2038,normal,,3.23,3.17,3.2
2026-01-01 16:55:00,3.1991,normal,,3.23,3.17,3.2
2026-01-01 16:56:00,3.2038,normal,,3.23,3.17,3.2
2026-01-01 16:57:00,3.1932,normal,,3.23,3.17,3.2
2026-01-01 16:58:00,3.1956,normal,,3.23,3.17,3.2
2026-01-01 16:59:00,3.2047,normal,,3.23,3.17,3.2
2026-01-01 17:00:00,3.2024,normal,,3.23,3.17,3.2
2026-01-01 17:01:00,3.1984,normal,,3.23,3.17,3.2
2026-01-01 17:02:00,3.2113,normal,,3.23,3.17,3.2
2026-01-01 17:03:00,3.2048,normal,,3.23,3.17,3.2
2026-01-01 17:04:00,3.202,normal,,3.23,3.17,3.2
2026-01-01 17:05:00,3.2171,normal,,3.23,3.17,3.2
2026-01-01 17:06:00,3.1992,normal,,3.23,3.17,3.2
2026-01-01 17:07:00,3.1992,normal,,3.23,3.17,3.2
2026-01-01 17:08:00,3.1877,normal,,3.23,3.17,3.2
2026-01-01 17:09:00,3.2087,normal,,3.23,3.17,3.2
2026-01-01 17:10:00,3.1885,normal,,3.23,3.17,3.2
2026-01-01 17:11:00,3.2053,normal,,3.23,3.17,3.2
2026-01-01 17:12:00,3.1948,normal,,3.23,3.17,3.2
2026-01-01 17:13:00,3.2001,normal,,3.23,3.17,3.2
2026-01-01 17:14:00,3.1953,normal,,3.23,3.17,3.2
2026-01-01 17:15:00,3.1932,normal,,3.23,3.17,3.2
2026-01-01 17:16:00,3.2041,normal,,3.23,3.17,3.2
2026-01-01 17:17:00,3.1959,normal,,3.23,3.17,3.2
2026-01-01 17:18:00,3.201,normal,,3.23,3.17,3.2
2026-01-01 17:19:00,3.1997,normal,,3.23,3.17,3.2
2026-01-01 17:20:00,3.1988,normal,,3.23,3.17,3.2
2026-01-01 17:21:00,3.1925,normal,,3.23,3.17,3.2
2026-01-01 17:22:00,3.2003,normal,,3.23,3.17,3.2
2026-01-01 17:23:00,3.199,normal,,3.23,3.17,3.2
2026-01-01 17:24:00,3.1989,normal,,3.23,3.17,3.2
2026-01-01 17:25:00,3.1948,normal,,3.23,3.17,3.2
2026-01-01 17:26:00,3.2051,normal,,3.23,3.17,3.2
2026-01-01 17:27:00,3.198,normal,,3.23,3.17,3.2
2026-01-01 17:28:00,3.196,normal,,3.23,3.17,3.2
2026-01-01 17:29:00,3.1986,normal,,3.23,3.17,3.2
2026-01-01 17:30:00,3.2011,normal,,3.23,3.17,3.2
2026-01-01 17:31:00,3.2022,normal,,3.23,3.17,3.2
2026-01-01 17:32:00,3.2019,normal,,3.23,3.17,3.2
2026-01-01 17:33:00,3.1961,normal,,3.23,3.17,3.2
2026-01-01 17:34:00,3.202,normal,,3.23,3.17,3.2
2026-01-01 17:35:00,3.2006,normal,,3.23,3.17,3.2
2026-01-01 17:36:00,3.2057,normal,,3.23,3.17,3.2
2026-01-01 17:37:00,3.1986,normal,,3.23,3.17,3.2
2026-01-01 17:38:00,3.1848,normal,,3.23,3.17,3.2
2026-01-01 17:39:00,3.1985,normal,,3.23,3.17,3.2
2026-01-01 17:40:00,3.1991,normal,,3.23,3.17,3.2
2026-01-01 17:41:00,3.2043,normal,,3.23,3.17,3.2
2026-01-01 17:42:00,3.2014,normal,,3.23,3.17,3.2
2026-01-01 17:43:00,3.2043,normal,,3.23,3.17,3.2
2026-01-01 17:44:00,3.2073,normal,,3.23,3.17,3.2
2026-01-01 17:45:00,3.1981,normal,,3.23,3.17,3.2
2026-01-01 17:46:00,3.1983,normal,,3.23,3.17,3.2
2026-01-01 17:47:00,3.1969,normal,,3.23,3.17,3.2
2026-01-01 17:48:00,3.2027,normal,,3.23,3.17,3.2
2026-01-01 17:49:00,3.2046,normal,,3.23,3.17,3.2
2026-01-01 17:50:00,3.1918,normal,,3.23,3.17,3.2
2026-01-01 17:51:00,3.2031,normal,,3.23,3.17,3.2
2026-01-01 17:52:00,3.1969,normal,,3.23,3.17,3.2
2026-01-01 17:53:00,3.1964,normal,,3.23,3.17,3.2
2026-01-01 17:54:00,3.2065,normal,,3.23,3.17,3.2
2026-01-01 17:55:00,3.2055,normal,,3.23,3.17,3.2
2026-01-01 17:56:00,3.201,normal,,3.23,3.17,3.2
2026-01-01 17:57:00,3.1954,normal,,3.23,3.17,3.2
2026-01-01 17:58:00,3.2081,normal,,3.23,3.17,3.2
2026-01-01 17:59:00,3.1982,normal,,3.23,3.17,3.2
2026-01-01 18:00:00,3.205,normal,,3.23,3.17,3.2
2026-01-01 18:01:00,3.2011,normal,,3.23,3.17,3.2
2026-01-01 18:02:00,3.1991,normal,,3.23,3.17,3.2
2026-01-01 18:03:00,3.1968,normal,,3.23,3.17,3.2
2026-01-01 18:04:00,3.1881,normal,,3.23,3.17,3.2
2026-01-01 18:05:00,3.2079,normal,,3.23,3.17,3.2
2026-01-01 18:06:00,3.1961,normal,,3.23,3.17,3.2
2026-01-01 18:07:00,3.1993,normal,,3.23,3.17,3.2
2026-01-01 18:08:00,3.1946,normal,,3.23,3.17,3.2
2026-01-01 18:09:00,3.2042,normal,,3.23,3.17,3.2
2026-01-01 18:10:00,3.1991,normal,,3.23,3.17,3.2
2026-01-01 18:11:00,3.2108,normal,,3.23,3.17,3.2
2026-01-01 18:12:00,3.2031,normal,,3.23,3.17,3.2
2026-01-01 18:13:00,3.2003,normal,,3.23,3.17,3.2
2026-01-01 18:14:00,3.2032,normal,,3.23,3.17,3.2
2026-01-01 18:15:00,3.1995,normal,,3.23,3.17,3.2
2026-01-01 18:16:00,3.1911,normal,,3.23,3.17,3.2
2026-01-01 18:17:00,3.1885,normal,,3.23,3.17,3.2
2026-01-01 18:18:00,3.1996,normal,,3.23,3.17,3.2
2026-01-01 18:19:00,3.2055,normal,,3.23,3.17,3.2
2026-01-01 18:20:00,3.209,normal,,3.23,3.17,3.2
2026-01-01 18:21:00,3.2087,normal,,3.23,3.17,3.2
2026-01-01 18:22:00,3.2032,normal,,3.23,3.17,3.2
2026-01-01 18:23:00,3.2024,normal,,3.23,3.17,3.2
2026-01-01 18:24:00,3.1996,normal,,3.23,3.17,3.2
2026-01-01 18:25:00,3.1996,normal,,3.23,3.17,3.2
2026-01-01 18:26:00,3.1979,normal,,3.23,3.17,3.2
2026-01-01 18:27:00,3.2085,normal,,3.23,3.17,3.2
2026-01-01 18:28:00,3.1981,normal,,3.23,3.17,3.2
2026-01-01 18:29:00,3.2028,normal,,3.23,3.17,3.2
2026-01-01 18:30:00,3.1993,normal,,3.23,3.17,3.2
2026-01-01 18:31:00,3.2129,normal,,3.23,3.17,3.2
2026-01-01 18:32:00,3.2011,normal,,3.23,3.17,3.2
2026-01-01 18:33:00,3.1982,normal,,3.23,3.17,3.2
2026-01-01 18:34:00,3.1924,normal,,3.23,3.17,3.2
2026-01-01 18:35:00,3.1976,normal,,3.23,3.17,3.2
2026-01-01 18:36:00,3.1994,normal,,3.23,3.17,3.2
2026-01-01 18:37:00,3.2018,normal,,3.23,3.17,3.2
2026-01-01 18:38:00,3.21,normal,,3.23,3.17,3.2
2026-01-01 18:39:00,3.1915,normal,,3.23,3.17,3.2
2026-01-01 18:40:00,3.2057,normal,,3.23,3.17,3.2
2026-01-01 18:41:00,3.1917,normal,,3.23,3.17,3.2
2026-01-01 18:42:00,3.2038,normal,,3.23,3.17,3.2
2026-01-01 18:43:00,3.2007,normal,,3.23,3.17,3.2
2026-01-01 18:44:00,3.2009,normal,,3.23,3.17,3.2
2026-01-01 18:45:00,3.2013,normal,,3.23,3.17,3.2
2026-01-01 18:46:00,3.2003,normal,,3.23,3.17,3.2
2026-01-01 18:47:00,3.1972,normal,,3.23,3.17,3.2
2026-01-01 18:48:00,3.2013,normal,,3.23,3.17,3.2
2026-01-01 18:49:00,3.1923,normal,,3.23,3.17,3.2
2026-01-01 18:50:00,3.195,normal,,3.23,3.17,3.2
2026-01-01 18:51:00,3.1986,normal,,3.23,3.17,3.2
2026-01-01 18:52:00,3.1995,normal,,3.23,3.17,3.2
2026-01-01 18:53:00,3.2033,normal,,3.23,3.17,3.2
2026-01-01 18:54:00,3.1946,normal,,3.23,3.17,3.2
2026-01-01 18:55:00,3.2043,normal,,3.23,3.17,3.2
2026-01-01 18:56:00,3.2001,normal,,3.23,3.17,3.2
2026-01-01 18:57:00,3.2059,normal,,3.23,3.17,3.2
2026-01-01 18:58:00,3.1898,normal,,3.23,3.17,3.2
2026-01-01 18:59:00,3.2022,normal,,3.23,3.17,3.2
2026-01-01 19:00:00,3.1866,normal,,3.23,3.17,3.2
2026-01-01 19:01:00,3.199,normal,,3.23,3.17,3.2
2026-01-01 19:02:00,3.1954,normal,,3.23,3.17,3.2
2026-01-01 19:03:00,3.204,normal,,3.23,3.17,3.2
2026-01-01 19:04:00,3.1984,normal,,3.23,3.17,3.2
2026-01-01 19:05:00,3.1973,normal,,3.23,3.17,3.2
2026-01-01 19:06:00,3.1903,normal,,3.23,3.17,3.2
2026-01-01 19:07:00,3.1962,normal,,3.23,3.17,3.2
2026-01-01 19:08:00,3.1946,normal,,3.23,3.17,3.2
2026-01-01 19:09:00,3.2173,normal,,3.23,3.17,3.2
2026-01-01 19:10:00,3.2078,normal,,3.23,3.17,3.2
2026-01-01 19:11:00,3.1953,normal,,3.23,3.17,3.2
2026-01-01 19:12:00,3.2001,normal,,3.23,3.17,3.2
2026-01-01 19:13:00,3.1972,normal,,3.23,3.17,3.2
2026-01-01 19:14:00,3.2039,normal,,3.23,3.17,3.2
2026-01-01 19:15:00,3.2002,normal,,3.23,3.17,3.2
2026-01-01 19:16:00,3.2047,normal,,3.23,3.17,3.2
2026-01-01 19:17:00,3.1974,normal,,3.23,3.17,3.2
2026-01-01 19:18:00,3.2092,normal,,3.23,3.17,3.2
2026-01-01 19:19:00,3.2064,normal,,3.23,3.17,3.2
2026-01-01 19:20:00,3.2047,normal,,3.23,3.17,3.2
2026-01-01 19:21:00,3.205,normal,,3.23,3.17,3.2
2026-01-01 19:22:00,3.1941,normal,,3.23,3.17,3.2
2026-01-01 19:23:00,3.2039,normal,,3.23,3.17,3.2
2026-01-01 19:24:00,3.1969,normal,,3.23,3.17,3.2
2026-01-01 19:25:00,3.1989,normal,,3.23,3.17,3.2
2026-01-01 19:26:00,3.1937,normal,,3.23,3.17,3.2
2026-01-01 19:27:00,3.2068,normal,,3.23,3.17,3.2
2026-01-01 19:28:00,3.1945,normal,,3.23,3.17,3.2
2026-01-01 19:29:00,3.2011,normal,,3.23,3.17,3.2
2026-01-01 19:30:00,3.1992,normal,,3.23,3.17,3.2
2026-01-01 19:31:00,3.2002,normal,,3.23,3.17,3.2
2026-01-01 19:32:00,3.1992,normal,,3.23,3.17,3.2
2026-01-01 19:33:00,3.1972,normal,,3.23,3.17,3.2
2026-01-01 19:34:00,3.2034,normal,,3.23,3.17,3.2
2026-01-01 19:35:00,3.2032,normal,,3.23,3.17,3.2
2026-01-01 19:36:00,3.1942,normal,,3.23,3.17,3.2
2026-01-01 19:37:00,3.1958,normal,,3.23,3.17,3.2
2026-01-01 19:38:00,3.1959,normal,,3.23,3.17,3.2
2026-01-01 19:39:00,3.1993,normal,,3.23,3.17,3.2
2026-01-01 19:40:00,3.1812,anomaly,variance_increase,3.23,3.17,3.2
2026-01-01 19:41:00,3.2281,anomaly,variance_increase,3.23,3.17,3.2
2026-01-01 19:42:00,3.2049,anomaly,variance_increase,3.23,3.17,3.2
2026-01-01 19:43:00,3.1879,anomaly,variance_increase,3.23,3.17,3.2
2026-01-01 19:44:00,3.1743,anomaly,spike,3.23,3.17,3.2
2026-01-01 19:45:00,3.2256,anomaly,spike,3.23,3.17,3.2
2026-01-01 19:46:00,3.2343,anomaly,spike,3.23,3.17,3.2
2026-01-01 19:47:00,3.2245,anomaly,spike,3.23,3.17,3.2
2026-01-01 19:48:00,3.2257,anomaly,spike,3.23,3.17,3.2
2026-01-01 19:49:00,3.2287,anomaly,spike,3.23,3.17,3.2
2026-01-01 19:50:00,3.174,anomaly,spike,3.23,3.17,3.2
2026-01-01 19:51:00,3.1705,anomaly,spike,3.23,3.17,3.2
2026-01-01 19:52:00,3.1704,anomaly,spike,3.23,3.17,3.2
2026-01-01 19:53:00,3.2335,anomaly,spike,3.23,3.17,3.2
2026-01-01 19:54:00,3.1695,anomaly,spike,3.23,3.17,3.2
2026-01-01 19:55:00,3.1703,anomaly,spike,3.23,3.17,3.2
2026-01-01 19:56:00,3.1703,anomaly,spike,3.23,3.17,3.2
2026-01-01 19:57:00,3.1669,anomaly,spike,3.23,3.17,3.2
2026-01-01 19:58:00,3.1685,anomaly,spike,3.23,3.17,3.2
2026-01-01 19:59:00,3.2268,anomaly,spike,3.23,3.17,3.2
2026-01-01 20:00:00,3.2353,anomaly,spike,3.23,3.17,3.2
2026-01-01 20:01:00,3.1729,anomaly,spike,3.23,3.17,3.2
2026-01-01 20:02:00,3.2256,anomaly,spike,3.23,3.17,3.2
2026-01-01 20:03:00,3.2291,anomaly,spike,3.23,3.17,3.2
2026-01-01 20:04:00,3.2306,anomaly,spike,3.23,3.17,3.2
2026-01-01 20:05:00,3.1668,anomaly,spike,3.23,3.17,3.2
2026-01-01 20:06:00,3.1656,anomaly,spike,3.23,3.17,3.2
2026-01-01 20:07:00,3.1692,anomaly,spike,3.23,3.17,3.2
2026-01-01 20:08:00,3.2259,anomaly,spike,3.23,3.17,3.2
2026-01-01 20:09:00,3.175,anomaly,spike,3.23,3.17,3.2
2026-01-01 20:10:00,3.2246,anomaly,spike,3.23,3.17,3.2
2026-01-01 20:11:00,3.2304,anomaly,spike,3.23,3.17,3.2
2026-01-01 20:12:00,3.2358,anomaly,spike,3.23,3.17,3.2
2026-01-01 20:13:00,3.2303,anomaly,spike,3.23,3.17,3.2
2026-01-01 20:14:00,3.1723,anomaly,spike,3.23,3.17,3.2
2026-01-01 20:15:00,3.2315,anomaly,spike,3.23,3.17,3.2
2026-01-01 20:16:00,3.2346,anomaly,spike,3.23,3.17,3.2
2026-01-01 20:17:00,3.1656,anomaly,spike,3.23,3.17,3.2
2026-01-01 20:18:00,3.2335,anomaly,spike,3.23,3.17,3.2
2026-01-01 20:19:00,3.2346,anomaly,spike,3.23,3.17,3.2
2026-01-01 20:20:00,3.2356,anomaly,spike,3.23,3.17,3.2
2026-01-01 20:21:00,3.1684,anomaly,spike,3.23,3.17,3.2
2026-01-01 20:22:00,3.2314,anomaly,spike,3.23,3.17,3.2
2026-01-01 20:23:00,3.2298,anomaly,spike,3.23,3.17,3.2
2026-01-01 20:24:00,3.1657,anomaly,spike,3.23,3.17,3.2
2026-01-01 20:25:00,3.1725,anomaly,spike,3.23,3.17,3.2
2026-01-01 20:26:00,3.2351,anomaly,spike,3.23,3.17,3.2
2026-01-01 20:27:00,3.225,anomaly,spike,3.23,3.17,3.2
2026-01-01 20:28:00,3.1736,anomaly,spike,3.23,3.17,3.2
2026-01-01 20:29:00,3.1758,anomaly,spike,3.23,3.17,3.2
2026-01-01 20:30:00,3.1989,normal,,3.23,3.17,3.2
2026-01-01 20:31:00,3.1999,normal,,3.23,3.17,3.2
2026-01-01 20:32:00,3.2002,normal,,3.23,3.17,3.2
2026-01-01 20:33:00,3.203,normal,,3.23,3.17,3.2
2026-01-01 20:34:00,3.1986,normal,,3.23,3.17,3.2
2026-01-01 20:35:00,3.18,normal,,3.23,3.17,3.2
2026-01-01 20:36:00,3.1997,normal,,3.23,3.17,3.2
2026-01-01 20:37:00,3.1986,normal,,3.23,3.17,3.2
2026-01-01 20:38:00,3.2009,normal,,3.23,3.17,3.2
2026-01-01 20:39:00,3.2091,normal,,3.23,3.17,3.2
2026-01-01 20:40:00,3.1951,normal,,3.23,3.17,3.2
2026-01-01 20:41:00,3.2015,normal,,3.23,3.17,3.2
2026-01-01 20:42:00,3.2027,normal,,3.23,3.17,3.2
2026-01-01 20:43:00,3.1905,normal,,3.23,3.17,3.2
2026-01-01 20:44:00,3.2067,normal,,3.23,3.17,3.2
2026-01-01 20:45:00,3.189,normal,,3.23,3.17,3.2
2026-01-01 20:46:00,3.1974,normal,,3.23,3.17,3.2
2026-01-01 20:47:00,3.2031,normal,,3.23,3.17,3.2
2026-01-01 20:48:00,3.1982,normal,,3.23,3.17,3.2
2026-01-01 20:49:00,3.2019,normal,,3.23,3.17,3.2
2026-01-01 20:50:00,3.1937,normal,,3.23,3.17,3.2
2026-01-01 20:51:00,3.1965,normal,,3.23,3.17,3.2
2026-01-01 20:52:00,3.1919,normal,,3.23,3.17,3.2
2026-01-01 20:53:00,3.2037,normal,,3.23,3.17,3.2
2026-01-01 20:54:00,3.2043,normal,,3.23,3.17,3.2
2026-01-01 20:55:00,3.1908,normal,,3.23,3.17,3.2
2026-01-01 20:56:00,3.2016,normal,,3.23,3.17,3.2
2026-01-01 20:57:00,3.2014,normal,,3.23,3.17,3.2
2026-01-01 20:58:00,3.1963,normal,,3.23,3.17,3.2
2026-01-01 20:59:00,3.1965,normal,,3.23,3.17,3.2
2026-01-01 21:00:00,3.2066,normal,,3.23,3.17,3.2
2026-01-01 21:01:00,3.2123,normal,,3.23,3.17,3.2
2026-01-01 21:02:00,3.2093,normal,,3.23,3.17,3.2
2026-01-01 21:03:00,3.2065,normal,,3.23,3.17,3.2
2026-01-01 21:04:00,3.2011,normal,,3.23,3.17,3.2
2026-01-01 21:05:00,3.2009,normal,,3.23,3.17,3.2
2026-01-01 21:06:00,3.2024,normal,,3.23,3.17,3.2
2026-01-01 21:07:00,3.1945,normal,,3.23,3.17,3.2
2026-01-01 21:08:00,3.1947,normal,,3.23,3.17,3.2
2026-01-01 21:09:00,3.2071,normal,,3.23,3.17,3.2
2026-01-01 21:10:00,3.2076,normal,,3.23,3.17,3.2
2026-01-01 21:11:00,3.1947,normal,,3.23,3.17,3.2
2026-01-01 21:12:00,3.1999,normal,,3.23,3.17,3.2
2026-01-01 21:13:00,3.1974,normal,,3.23,3.17,3.2
2026-01-01 21:14:00,3.2029,normal,,3.23,3.17,3.2
2026-01-01 21:15:00,3.1993,normal,,3.23,3.17,3.2
2026-01-01 21:16:00,3.2018,normal,,3.23,3.17,3.2
2026-01-01 21:17:00,3.2022,normal,,3.23,3.17,3.2
2026-01-01 21:18:00,3.2007,normal,,3.23,3.17,3.2
2026-01-01 21:19:00,3.1979,normal,,3.23,3.17,3.2
2026-01-01 21:20:00,3.2044,normal,,3.23,3.17,3.2
2026-01-01 21:21:00,3.1963,normal,,3.23,3.17,3.2
2026-01-01 21:22:00,3.1962,normal,,3.23,3.17,3.2
2026-01-01 21:23:00,3.1962,normal,,3.23,3.17,3.2
2026-01-01 21:24:00,3.1975,normal,,3.23,3.17,3.2
2026-01-01 21:25:00,3.2087,normal,,3.23,3.17,3.2
2026-01-01 21:26:00,3.212,normal,,3.23,3.17,3.2
2026-01-01 21:27:00,3.1916,normal,,3.23,3.17,3.2
2026-01-01 21:28:00,3.2024,normal,,3.23,3.17,3.2
2026-01-01 21:29:00,3.1969,normal,,3.23,3.17,3.2
2026-01-01 21:30:00,3.1993,normal,,3.23,3.17,3.2
2026-01-01 21:31:00,3.193,normal,,3.23,3.17,3.2
2026-01-01 21:32:00,3.199,normal,,3.23,3.17,3.2
2026-01-01 21:33:00,3.1951,normal,,3.23,3.17,3.2
2026-01-01 21:34:00,3.1872,normal,,3.23,3.17,3.2
2026-01-01 21:35:00,3.1972,normal,,3.23,3.17,3.2
2026-01-01 21:36:00,3.2037,normal,,3.23,3.17,3.2
2026-01-01 21:37:00,3.1885,normal,,3.23,3.17,3.2
2026-01-01 21:38:00,3.2101,normal,,3.23,3.17,3.2
2026-01-01 21:39:00,3.1987,normal,,3.23,3.17,3.2
2026-01-01 21:40:00,3.1987,normal,,3.23,3.17,3.2
2026-01-01 21:41:00,3.2055,normal,,3.23,3.17,3.2
2026-01-01 21:42:00,3.1972,normal,,3.23,3.17,3.2
2026-01-01 21:43:00,3.1967,normal,,3.23,3.17,3.2
2026-01-01 21:44:00,3.2026,normal,,3.23,3.17,3.2
2026-01-01 21:45:00,3.199,normal,,3.23,3.17,3.2
2026-01-01 21:46:00,3.2047,normal,,3.23,3.17,3.2
2026-01-01 21:47:00,3.1918,normal,,3.23,3.17,3.2
2026-01-01 21:48:00,3.2085,normal,,3.23,3.17,3.2
2026-01-01 21:49:00,3.1911,normal,,3.23,3.17,3.2
2026-01-01 21:50:00,3.2008,normal,,3.23,3.17,3.2
2026-01-01 21:51:00,3.1947,normal,,3.23,3.17,3.2
2026-01-01 21:52:00,3.1966,normal,,3.23,3.17,3.2
2026-01-01 21:53:00,3.2013,normal,,3.23,3.17,3.2
2026-01-01 21:54:00,3.1974,normal,,3.23,3.17,3.2
2026-01-01 21:55:00,3.1939,normal,,3.23,3.17,3.2
2026-01-01 21:56:00,3.2012,normal,,3.23,3.17,3.2
2026-01-01 21:57:00,3.1953,normal,,3.23,3.17,3.2
2026-01-01 21:58:00,3.1917,normal,,3.23,3.17,3.2
2026-01-01 21:59:00,3.1924,normal,,3.23,3.17,3.2
2026-01-01 22:00:00,3.2131,normal,,3.23,3.17,3.2
2026-01-01 22:01:00,3.1967,normal,,3.23,3.17,3.2
2026-01-01 22:02:00,3.1892,normal,,3.23,3.17,3.2
2026-01-01 22:03:00,3.1903,normal,,3.23,3.17,3.2
2026-01-01 22:04:00,3.1954,normal,,3.23,3.17,3.2
2026-01-01 22:05:00,3.1966,normal,,3.23,3.17,3.2
2026-01-01 22:06:00,3.2077,normal,,3.23,3.17,3.2
2026-01-01 22:07:00,3.1973,normal,,3.23,3.17,3.2
2026-01-01 22:08:00,3.1981,normal,,3.23,3.17,3.2
2026-01-01 22:09:00,3.1936,normal,,3.23,3.17,3.2
2026-01-01 22:10:00,3.1873,normal,,3.23,3.17,3.2
2026-01-01 22:11:00,3.2008,normal,,3.23,3.17,3.2
2026-01-01 22:12:00,3.1917,normal,,3.23,3.17,3.2
2026-01-01 22:13:00,3.2062,normal,,3.23,3.17,3.2
2026-01-01 22:14:00,3.2016,normal,,3.23,3.17,3.2
2026-01-01 22:15:00,3.2061,normal,,3.23,3.17,3.2
2026-01-01 22:16:00,3.199,normal,,3.23,3.17,3.2
2026-01-01 22:17:00,3.1985,normal,,3.23,3.17,3.2
2026-01-01 22:18:00,3.2087,normal,,3.23,3.17,3.2
2026-01-01 22:19:00,3.1956,normal,,3.23,3.17,3.2
2026-01-01 22:20:00,3.1987,normal,,3.23,3.17,3.2
2026-01-01 22:21:00,3.2057,normal,,3.23,3.17,3.2
2026-01-01 22:22:00,3.212,normal,,3.23,3.17,3.2
2026-01-01 22:23:00,3.2035,normal,,3.23,3.17,3.2
2026-01-01 22:24:00,3.21,normal,,3.23,3.17,3.2
2026-01-01 22:25:00,3.2024,normal,,3.23,3.17,3.2
2026-01-01 22:26:00,3.2072,normal,,3.23,3.17,3.2
2026-01-01 22:27:00,3.1966,normal,,3.23,3.17,3.2
2026-01-01 22:28:00,3.1952,normal,,3.23,3.17,3.2
2026-01-01 22:29:00,3.2019,normal,,3.23,3.17,3.2
2026-01-01 22:30:00,3.2015,normal,,3.23,3.17,3.2
2026-01-01 22:31:00,3.1929,normal,,3.23,3.17,3.2
2026-01-01 22:32:00,3.2026,normal,,3.23,3.17,3.2
2026-01-01 22:33:00,3.1947,normal,,3.23,3.17,3.2
2026-01-01 22:34:00,3.2132,normal,,3.23,3.17,3.2
2026-01-01 22:35:00,3.2095,normal,,3.23,3.17,3.2
2026-01-01 22:36:00,3.1974,normal,,3.23,3.17,3.2
2026-01-01 22:37:00,3.1955,normal,,3.23,3.17,3.2
2026-01-01 22:38:00,3.191,normal,,3.23,3.17,3.2
2026-01-01 22:39:00,3.198,normal,,3.23,3.17,3.2
2026-01-01 22:40:00,3.1959,normal,,3.23,3.17,3.2
2026-01-01 22:41:00,3.1965,normal,,3.23,3.17,3.2
2026-01-01 22:42:00,3.2038,normal,,3.23,3.17,3.2
2026-01-01 22:43:00,3.1978,normal,,3.23,3.17,3.2
2026-01-01 22:44:00,3.2067,normal,,3.23,3.17,3.2
2026-01-01 22:45:00,3.1976,normal,,3.23,3.17,3.2
2026-01-01 22:46:00,3.1964,normal,,3.23,3.17,3.2
2026-01-01 22:47:00,3.2001,normal,,3.23,3.17,3.2
2026-01-01 22:48:00,3.1963,normal,,3.23,3.17,3.2
2026-01-01 22:49:00,3.2028,normal,,3.23,3.17,3.2
2026-01-01 22:50:00,3.1998,normal,,3.23,3.17,3.2
2026-01-01 22:51:00,3.1957,normal,,3.23,3.17,3.2
2026-01-01 22:52:00,3.2037,normal,,3.23,3.17,3.2
2026-01-01 22:53:00,3.1999,normal,,3.23,3.17,3.2
2026-01-01 22:54:00,3.1969,normal,,3.23,3.17,3.2
2026-01-01 22:55:00,3.2072,normal,,3.23,3.17,3.2
2026-01-01 22:56:00,3.2006,normal,,3.23,3.17,3.2
2026-01-01 22:57:00,3.1988,normal,,3.23,3.17,3.2
2026-01-01 22:58:00,3.1997,normal,,3.23,3.17,3.2
2026-01-01 22:59:00,3.1925,normal,,3.23,3.17,3.2
2026-01-01 23:00:00,3.1936,normal,,3.23,3.17,3.2
2026-01-01 23:01:00,3.2,normal,,3.23,3.17,3.2
2026-01-01 23:02:00,3.2036,normal,,3.23,3.17,3.2
2026-01-01 23:03:00,3.1936,normal,,3.23,3.17,3.2
2026-01-01 23:04:00,3.2053,normal,,3.23,3.17,3.2
2026-01-01 23:05:00,3.2024,normal,,3.23,3.17,3.2
2026-01-01 23:06:00,3.2004,normal,,3.23,3.17,3.2
2026-01-01 23:07:00,3.1977,normal,,3.23,3.17,3.2
2026-01-01 23:08:00,3.2026,normal,,3.23,3.17,3.2
2026-01-01 23:09:00,3.2032,normal,,3.23,3.17,3.2
2026-01-01 23:10:00,3.205,normal,,3.23,3.17,3.2
2026-01-01 23:11:00,3.1966,normal,,3.23,3.17,3.2
2026-01-01 23:12:00,3.1878,normal,,3.23,3.17,3.2
2026-01-01 23:13:00,3.1971,normal,,3.23,3.17,3.2
2026-01-01 23:14:00,3.2104,normal,,3.23,3.17,3.2
2026-01-01 23:15:00,3.2068,normal,,3.23,3.17,3.2
2026-01-01 23:16:00,3.1905,normal,,3.23,3.17,3.2
2026-01-01 23:17:00,3.197,normal,,3.23,3.17,3.2
2026-01-01 23:18:00,3.1975,normal,,3.23,3.17,3.2
2026-01-01 23:19:00,3.1996,normal,,3.23,3.17,3.2
2026-01-01 23:20:00,3.1856,normal,,3.23,3.17,3.2
2026-01-01 23:21:00,3.1998,normal,,3.23,3.17,3.2
2026-01-01 23:22:00,3.2166,normal,,3.23,3.17,3.2
2026-01-01 23:23:00,3.2026,normal,,3.23,3.17,3.2
2026-01-01 23:24:00,3.1926,normal,,3.23,3.17,3.2
2026-01-01 23:25:00,3.1898,normal,,3.23,3.17,3.2
2026-01-01 23:26:00,3.2004,normal,,3.23,3.17,3.2
2026-01-01 23:27:00,3.2138,normal,,3.23,3.17,3.2
2026-01-01 23:28:00,3.1918,normal,,3.23,3.17,3.2
2026-01-01 23:29:00,3.2005,normal,,3.23,3.17,3.2
2026-01-01 23:30:00,3.1978,normal,,3.23,3.17,3.2
2026-01-01 23:31:00,3.2033,normal,,3.23,3.17,3.2
2026-01-01 23:32:00,3.1988,normal,,3.23,3.17,3.2
2026-01-01 23:33:00,3.2153,normal,,3.23,3.17,3.2
2026-01-01 23:34:00,3.2037,normal,,3.23,3.17,3.2
2026-01-01 23:35:00,3.1937,normal,,3.23,3.17,3.2
2026-01-01 23:36:00,3.205,normal,,3.23,3.17,3.2
2026-01-01 23:37:00,3.1864,normal,,3.23,3.17,3.2
2026-01-01 23:38:00,3.1876,normal,,3.23,3.17,3.2
2026-01-01 23:39:00,3.2042,normal,,3.23,3.17,3.2
2026-01-01 23:40:00,3.2009,normal,,3.23,3.17,3.2
2026-01-01 23:41:00,3.2064,normal,,3.23,3.17,3.2
2026-01-01 23:42:00,3.1872,normal,,3.23,3.17,3.2
2026-01-01 23:43:00,3.189,normal,,3.23,3.17,3.2
2026-01-01 23:44:00,3.1994,normal,,3.23,3.17,3.2
2026-01-01 23:45:00,3.2064,normal,,3.23,3.17,3.2
2026-01-01 23:46:00,3.1919,normal,,3.23,3.17,3.2
2026-01-01 23:47:00,3.1885,normal,,3.23,3.17,3.2
2026-01-01 23:48:00,3.1926,normal,,3.23,3.17,3.2
2026-01-01 23:49:00,3.205,normal,,3.23,3.17,3.2
2026-01-01 23:50:00,3.1996,normal,,3.23,3.17,3.2
2026-01-01 23:51:00,3.1964,normal,,3.23,3.17,3.2
2026-01-01 23:52:00,3.2033,normal,,3.23,3.17,3.2
2026-01-01 23:53:00,3.19,normal,,3.23,3.17,3.2
2026-01-01 23:54:00,3.1957,normal,,3.23,3.17,3.2
2026-01-01 23:55:00,3.205,normal,,3.23,3.17,3.2
2026-01-01 23:56:00,3.1949,normal,,3.23,3.17,3.2
2026-01-01 23:57:00,3.203,normal,,3.23,3.17,3.2
2026-01-01 23:58:00,3.2101,normal,,3.23,3.17,3.2
2026-01-01 23:59:00,3.2027,normal,,3.23,3.17,3.2
2026-01-02 00:00:00,3.1943,normal,,3.23,3.17,3.2
2026-01-02 00:01:00,3.1954,normal,,3.23,3.17,3.2
2026-01-02 00:02:00,3.1971,normal,,3.23,3.17,3.2
2026-01-02 00:03:00,3.1965,normal,,3.23,3.17,3.2
2026-01-02 00:04:00,3.1984,normal,,3.23,3.17,3.2
2026-01-02 00:05:00,3.1976,normal,,3.23,3.17,3.2
2026-01-02 00:06:00,3.2026,normal,,3.23,3.17,3.2
2026-01-02 00:07:00,3.2066,normal,,3.23,3.17,3.2
2026-01-02 00:08:00,3.1946,normal,,3.23,3.17,3.2
2026-01-02 00:09:00,3.2004,normal,,3.23,3.17,3.2
2026-01-02 00:10:00,3.2034,normal,,3.23,3.17,3.2
2026-01-02 00:11:00,3.1981,normal,,3.23,3.17,3.2
2026-01-02 00:12:00,3.2084,normal,,3.23,3.17,3.2
2026-01-02 00:13:00,3.206,normal,,3.23,3.17,3.2
2026-01-02 00:14:00,3.205,normal,,3.23,3.17,3.2
2026-01-02 00:15:00,3.2134,normal,,3.23,3.17,3.2
2026-01-02 00:16:00,3.1913,normal,,3.23,3.17,3.2
2026-01-02 00:17:00,3.1964,normal,,3.23,3.17,3.2
2026-01-02 00:18:00,3.2025,normal,,3.23,3.17,3.2
2026-01-02 00:19:00,3.2038,normal,,3.23,3.17,3.2
2026-01-02 00:20:00,3.2035,normal,,3.23,3.17,3.2
2026-01-02 00:21:00,3.1919,normal,,3.23,3.17,3.2
2026-01-02 00:22:00,3.1887,normal,,3.23,3.17,3.2
2026-01-02 00:23:00,3.1965,normal,,3.23,3.17,3.2
2026-01-02 00:24:00,3.2016,normal,,3.23,3.17,3.2
2026-01-02 00:25:00,3.1931,normal,,3.23,3.17,3.2
2026-01-02 00:26:00,3.2038,normal,,3.23,3.17,3.2
2026-01-02 00:27:00,3.2022,normal,,3.23,3.17,3.2
2026-01-02 00:28:00,3.1896,normal,,3.23,3.17,3.2
2026-01-02 00:29:00,3.1959,normal,,3.23,3.17,3.2
2026-01-02 00:30:00,3.1983,normal,,3.23,3.17,3.2
2026-01-02 00:31:00,3.1997,normal,,3.23,3.17,3.2
2026-01-02 00:32:00,3.1943,normal,,3.23,3.17,3.2
2026-01-02 00:33:00,3.1958,normal,,3.23,3.17,3.2
2026-01-02 00:34:00,3.2022,normal,,3.23,3.17,3.2
2026-01-02 00:35:00,3.1998,normal,,3.23,3.17,3.2
2026-01-02 00:36:00,3.1999,normal,,3.23,3.17,3.2
2026-01-02 00:37:00,3.1948,normal,,3.23,3.17,3.2
2026-01-02 00:38:00,3.2006,normal,,3.23,3.17,3.2
2026-01-02 00:39:00,3.1949,normal,,3.23,3.17,3.2
2026-01-02 00:40:00,3.1998,normal,,3.23,3.17,3.2
2026-01-02 00:41:00,3.1991,normal,,3.23,3.17,3.2
2026-01-02 00:42:00,3.2069,normal,,3.23,3.17,3.2
2026-01-02 00:43:00,3.2065,normal,,3.23,3.17,3.2
2026-01-02 00:44:00,3.1949,normal,,3.23,3.17,3.2
2026-01-02 00:45:00,3.202,normal,,3.23,3.17,3.2
2026-01-02 00:46:00,3.2039,normal,,3.23,3.17,3.2
2026-01-02 00:47:00,3.2089,normal,,3.23,3.17,3.2
2026-01-02 00:48:00,3.2014,normal,,3.23,3.17,3.2
2026-01-02 00:49:00,3.2114,normal,,3.23,3.17,3.2
2026-01-02 00:50:00,3.185,normal,,3.23,3.17,3.2
2026-01-02 00:51:00,3.2062,normal,,3.23,3.17,3.2
2026-01-02 00:52:00,3.1973,normal,,3.23,3.17,3.2
2026-01-02 00:53:00,3.2038,normal,,3.23,3.17,3.2
2026-01-02 00:54:00,3.1935,normal,,3.23,3.17,3.2
2026-01-02 00:55:00,3.2012,normal,,3.23,3.17,3.2
2026-01-02 00:56:00,3.1963,normal,,3.23,3.17,3.2
2026-01-02 00:57:00,3.1871,normal,,3.23,3.17,3.2
2026-01-02 00:58:00,3.2048,normal,,3.23,3.17,3.2
2026-01-02 00:59:00,3.2004,normal,,3.23,3.17,3.2
2026-01-02 01:00:00,3.1938,normal,,3.23,3.17,3.2
2026-01-02 01:01:00,3.197,normal,,3.23,3.17,3.2
2026-01-02 01:02:00,3.2125,normal,,3.23,3.17,3.2
2026-01-02 01:03:00,3.1991,normal,,3.23,3.17,3.2
2026-01-02 01:04:00,3.2054,normal,,3.23,3.17,3.2
2026-01-02 01:05:00,3.2007,normal,,3.23,3.17,3.2
2026-01-02 01:06:00,3.2081,normal,,3.23,3.17,3.2
2026-01-02 01:07:00,3.1984,normal,,3.23,3.17,3.2
2026-01-02 01:08:00,3.1906,normal,,3.23,3.17,3.2
2026-01-02 01:09:00,3.1991,normal,,3.23,3.17,3.2
2026-01-02 01:10:00,3.1982,normal,,3.23,3.17,3.2
2026-01-02 01:11:00,3.1998,normal,,3.23,3.17,3.2
2026-01-02 01:12:00,3.1913,normal,,3.23,3.17,3.2
2026-01-02 01:13:00,3.201,normal,,3.23,3.17,3.2
2026-01-02 01:14:00,3.1918,normal,,3.23,3.17,3.2
2026-01-02 01:15:00,3.2087,normal,,3.23,3.17,3.2
2026-01-02 01:16:00,3.1964,normal,,3.23,3.17,3.2
2026-01-02 01:17:00,3.2143,normal,,3.23,3.17,3.2
2026-01-02 01:18:00,3.21,normal,,3.23,3.17,3.2
2026-01-02 01:19:00,3.1938,normal,,3.23,3.17,3.2
2026-01-02 01:20:00,3.2057,normal,,3.23,3.17,3.2
2026-01-02 01:21:00,3.201,normal,,3.23,3.17,3.2
2026-01-02 01:22:00,3.193,normal,,3.23,3.17,3.2
2026-01-02 01:23:00,3.1967,normal,,3.23,3.17,3.2
2026-01-02 01:24:00,3.2079,normal,,3.23,3.17,3.2
2026-01-02 01:25:00,3.1981,normal,,3.23,3.17,3.2
2026-01-02 01:26:00,3.1978,normal,,3.23,3.17,3.2
2026-01-02 01:27:00,3.207,normal,,3.23,3.17,3.2
2026-01-02 01:28:00,3.2048,normal,,3.23,3.17,3.2
2026-01-02 01:29:00,3.192,normal,,3.23,3.17,3.2
2026-01-02 01:30:00,3.1976,normal,,3.23,3.17,3.2
2026-01-02 01:31:00,3.1983,normal,,3.23,3.17,3.2
2026-01-02 01:32:00,3.204,normal,,3.23,3.17,3.2
2026-01-02 01:33:00,3.201,normal,,3.23,3.17,3.2
2026-01-02 01:34:00,3.1905,normal,,3.23,3.17,3.2
2026-01-02 01:35:00,3.1961,normal,,3.23,3.17,3.2
2026-01-02 01:36:00,3.2027,normal,,3.23,3.17,3.2
2026-01-02 01:37:00,3.1985,normal,,3.23,3.17,3.2
2026-01-02 01:38:00,3.2033,normal,,3.23,3.17,3.2
2026-01-02 01:39:00,3.1974,normal,,3.23,3.17,3.2
2026-01-02 01:40:00,3.1961,normal,,3.23,3.17,3.2
2026-01-02 01:41:00,3.2088,normal,,3.23,3.17,3.2
2026-01-02 01:42:00,3.2019,normal,,3.23,3.17,3.2
2026-01-02 01:43:00,3.2124,normal,,3.23,3.17,3.2
2026-01-02 01:44:00,3.2037,normal,,3.23,3.17,3.2
2026-01-02 01:45:00,3.1954,normal,,3.23,3.17,3.2
2026-01-02 01:46:00,3.1944,normal,,3.23,3.17,3.2
2026-01-02 01:47:00,3.1995,normal,,3.23,3.17,3.2
2026-01-02 01:48:00,3.1998,normal,,3.23,3.17,3.2
2026-01-02 01:49:00,3.1986,normal,,3.23,3.17,3.2
2026-01-02 01:50:00,3.1981,normal,,3.23,3.17,3.2
2026-01-02 01:51:00,3.2006,normal,,3.23,3.17,3.2
2026-01-02 01:52:00,3.1929,normal,,3.23,3.17,3.2
2026-01-02 01:53:00,3.2127,normal,,3.23,3.17,3.2
2026-01-02 01:54:00,3.1958,normal,,3.23,3.17,3.2
2026-01-02 01:55:00,3.2009,normal,,3.23,3.17,3.2
2026-01-02 01:56:00,3.1992,normal,,3.23,3.17,3.2
2026-01-02 01:57:00,3.2059,normal,,3.23,3.17,3.2
2026-01-02 01:58:00,3.2049,normal,,3.23,3.17,3.2
2026-01-02 01:59:00,3.1979,normal,,3.23,3.17,3.2
2026-01-02 02:00:00,3.2028,normal,,3.23,3.17,3.2
2026-01-02 02:01:00,3.1948,normal,,3.23,3.17,3.2
2026-01-02 02:02:00,3.1996,normal,,3.23,3.17,3.2
2026-01-02 02:03:00,3.1953,normal,,3.23,3.17,3.2
2026-01-02 02:04:00,3.2039,normal,,3.23,3.17,3.2
2026-01-02 02:05:00,3.1986,normal,,3.23,3.17,3.2
2026-01-02 02:06:00,3.21,normal,,3.23,3.17,3.2
2026-01-02 02:07:00,3.1958,normal,,3.23,3.17,3.2
2026-01-02 02:08:00,3.1873,normal,,3.23,3.17,3.2
2026-01-02 02:09:00,3.1876,normal,,3.23,3.17,3.2
2026-01-02 02:10:00,3.1845,normal,,3.23,3.17,3.2
2026-01-02 02:11:00,3.1976,normal,,3.23,3.17,3.2
2026-01-02 02:12:00,3.1962,normal,,3.23,3.17,3.2
2026-01-02 02:13:00,3.1858,normal,,3.23,3.17,3.2
2026-01-02 02:14:00,3.1958,normal,,3.23,3.17,3.2
2026-01-02 02:15:00,3.1953,normal,,3.23,3.17,3.2
2026-01-02 02:16:00,3.2041,normal,,3.23,3.17,3.2
2026-01-02 02:17:00,3.2097,normal,,3.23,3.17,3.2
2026-01-02 02:18:00,3.1976,normal,,3.23,3.17,3.2
2026-01-02 02:19:00,3.1911,normal,,3.23,3.17,3.2
2026-01-02 02:20:00,3.1997,normal,,3.23,3.17,3.2
2026-01-02 02:21:00,3.2033,normal,,3.23,3.17,3.2
2026-01-02 02:22:00,3.1995,normal,,3.23,3.17,3.2
2026-01-02 02:23:00,3.1923,normal,,3.23,3.17,3.2
2026-01-02 02:24:00,3.1991,normal,,3.23,3.17,3.2
2026-01-02 02:25:00,3.1966,normal,,3.23,3.17,3.2
2026-01-02 02:26:00,3.1975,normal,,3.23,3.17,3.2
2026-01-02 02:27:00,3.2013,normal,,3.23,3.17,3.2
2026-01-02 02:28:00,3.1897,normal,,3.23,3.17,3.2
2026-01-02 02:29:00,3.2054,normal,,3.23,3.17,3.2
2026-01-02 02:30:00,3.1972,normal,,3.23,3.17,3.2
2026-01-02 02:31:00,3.2,normal,,3.23,3.17,3.2
2026-01-02 02:32:00,3.2013,normal,,3.23,3.17,3.2
2026-01-02 02:33:00,3.1938,normal,,3.23,3.17,3.2
2026-01-02 02:34:00,3.2055,normal,,3.23,3.17,3.2
2026-01-02 02:35:00,3.1988,normal,,3.23,3.17,3.2
2026-01-02 02:36:00,3.2089,normal,,3.23,3.17,3.2
2026-01-02 02:37:00,3.2095,normal,,3.23,3.17,3.2
2026-01-02 02:38:00,3.2078,normal,,3.23,3.17,3.2
2026-01-02 02:39:00,3.2072,normal,,3.23,3.17,3.2
2026-01-02 02:40:00,3.1945,normal,,3.23,3.17,3.2
2026-01-02 02:41:00,3.1979,normal,,3.23,3.17,3.2
2026-01-02 02:42:00,3.196,normal,,3.23,3.17,3.2
2026-01-02 02:43:00,3.2015,normal,,3.23,3.17,3.2
2026-01-02 02:44:00,3.1992,normal,,3.23,3.17,3.2
2026-01-02 02:45:00,3.1908,normal,,3.23,3.17,3.2
2026-01-02 02:46:00,3.2015,normal,,3.23,3.17,3.2
2026-01-02 02:47:00,3.2055,normal,,3.23,3.17,3.2
2026-01-02 02:48:00,3.1923,normal,,3.23,3.17,3.2
2026-01-02 02:49:00,3.1914,normal,,3.23,3.17,3.2
2026-01-02 02:50:00,3.1979,normal,,3.23,3.17,3.2
2026-01-02 02:51:00,3.1982,normal,,3.23,3.17,3.2
2026-01-02 02:52:00,3.2042,normal,,3.23,3.17,3.2
2026-01-02 02:53:00,3.1976,normal,,3.23,3.17,3.2
2026-01-02 02:54:00,3.1959,normal,,3.23,3.17,3.2
2026-01-02 02:55:00,3.1946,normal,,3.23,3.17,3.2
2026-01-02 02:56:00,3.1999,normal,,3.23,3.17,3.2
2026-01-02 02:57:00,3.2009,normal,,3.23,3.17,3.2
2026-01-02 02:58:00,3.2017,normal,,3.23,3.17,3.2
2026-01-02 02:59:00,3.1922,normal,,3.23,3.17,3.2
2026-01-02 03:00:00,3.1906,normal,,3.23,3.17,3.2
2026-01-02 03:01:00,3.2059,normal,,3.23,3.17,3.2
2026-01-02 03:02:00,3.2044,normal,,3.23,3.17,3.2
2026-01-02 03:03:00,3.1955,normal,,3.23,3.17,3.2
2026-01-02 03:04:00,3.2008,normal,,3.23,3.17,3.2
2026-01-02 03:05:00,3.2064,normal,,3.23,3.17,3.2
2026-01-02 03:06:00,3.2013,normal,,3.23,3.17,3.2
2026-01-02 03:07:00,3.1957,normal,,3.23,3.17,3.2
2026-01-02 03:08:00,3.1958,normal,,3.23,3.17,3.2
2026-01-02 03:09:00,3.2059,normal,,3.23,3.17,3.2
2026-01-02 03:10:00,3.1902,normal,,3.23,3.17,3.2
2026-01-02 03:11:00,3.202,normal,,3.23,3.17,3.2
2026-01-02 03:12:00,3.1979,normal,,3.23,3.17,3.2
2026-01-02 03:13:00,3.2037,normal,,3.23,3.17,3.2
2026-01-02 03:14:00,3.2095,normal,,3.23,3.17,3.2
2026-01-02 03:15:00,3.2128,normal,,3.23,3.17,3.2
2026-01-02 03:16:00,3.1911,normal,,3.23,3.17,3.2
2026-01-02 03:17:00,3.201,normal,,3.23,3.17,3.2
2026-01-02 03:18:00,3.2004,normal,,3.23,3.17,3.2
2026-01-02 03:19:00,3.1978,normal,,3.23,3.17,3.2
2026-01-02 03:20:00,3.1929,normal,,3.23,3.17,3.2
2026-01-02 03:21:00,3.1921,normal,,3.23,3.17,3.2
2026-01-02 03:22:00,3.1944,normal,,3.23,3.17,3.2
2026-01-02 03:23:00,3.1988,normal,,3.23,3.17,3.2
2026-01-02 03:24:00,3.196,normal,,3.23,3.17,3.2
2026-01-02 03:25:00,3.2096,normal,,3.23,3.17,3.2
2026-01-02 03:26:00,3.1989,normal,,3.23,3.17,3.2
2026-01-02 03:27:00,3.202,normal,,3.23,3.17,3.2
2026-01-02 03:28:00,3.2035,normal,,3.23,3.17,3.2
2026-01-02 03:29:00,3.2026,normal,,3.23,3.17,3.2
2026-01-02 03:30:00,3.2005,normal,,3.23,3.17,3.2
2026-01-02 03:31:00,3.1964,normal,,3.23,3.17,3.2
2026-01-02 03:32:00,3.1957,normal,,3.23,3.17,3.2
2026-01-02 03:33:00,3.2023,normal,,3.23,3.17,3.2
2026-01-02 03:34:00,3.1988,normal,,3.23,3.17,3.2
2026-01-02 03:35:00,3.196,normal,,3.23,3.17,3.2
2026-01-02 03:36:00,3.2051,normal,,3.23,3.17,3.2
2026-01-02 03:37:00,3.2018,normal,,3.23,3.17,3.2
2026-01-02 03:38:00,3.1957,normal,,3.23,3.17,3.2
2026-01-02 03:39:00,3.202,normal,,3.23,3.17,3.2
2026-01-02 03:40:00,3.1943,normal,,3.23,3.17,3.2
2026-01-02 03:41:00,3.2028,normal,,3.23,3.17,3.2
2026-01-02 03:42:00,3.1961,normal,,3.23,3.17,3.2
2026-01-02 03:43:00,3.1921,normal,,3.23,3.17,3.2
2026-01-02 03:44:00,3.1952,normal,,3.23,3.17,3.2
2026-01-02 03:45:00,3.1923,normal,,3.23,3.17,3.2
2026-01-02 03:46:00,3.209,normal,,3.23,3.17,3.2
2026-01-02 03:47:00,3.1932,normal,,3.23,3.17,3.2
2026-01-02 03:48:00,3.1981,normal,,3.23,3.17,3.2
2026-01-02 03:49:00,3.2122,normal,,3.23,3.17,3.2
2026-01-02 03:50:00,3.1958,normal,,3.23,3.17,3.2
2026-01-02 03:51:00,3.1966,normal,,3.23,3.17,3.2
2026-01-02 03:52:00,3.2076,normal,,3.23,3.17,3.2
2026-01-02 03:53:00,3.1925,normal,,3.23,3.17,3.2
2026-01-02 03:54:00,3.1988,normal,,3.23,3.17,3.2
2026-01-02 03:55:00,3.2063,normal,,3.23,3.17,3.2
2026-01-02 03:56:00,3.2093,normal,,3.23,3.17,3.2
2026-01-02 03:57:00,3.1955,normal,,3.23,3.17,3.2
2026-01-02 03:58:00,3.1984,normal,,3.23,3.17,3.2
2026-01-02 03:59:00,3.1964,normal,,3.23,3.17,3.2
2026-01-02 04:00:00,3.2043,normal,,3.23,3.17,3.2
2026-01-02 04:01:00,3.2124,normal,,3.23,3.17,3.2
2026-01-02 04:02:00,3.2036,normal,,3.23,3.17,3.2
2026-01-02 04:03:00,3.1968,normal,,3.23,3.17,3.2
2026-01-02 04:04:00,3.1903,normal,,3.23,3.17,3.2
2026-01-02 04:05:00,3.2093,normal,,3.23,3.17,3.2
2026-01-02 04:06:00,3.2052,normal,,3.23,3.17,3.2
2026-01-02 04:07:00,3.2091,normal,,3.23,3.17,3.2
2026-01-02 04:08:00,3.189,normal,,3.23,3.17,3.2
2026-01-02 04:09:00,3.2036,normal,,3.23,3.17,3.2
2026-01-02 04:10:00,3.1894,normal,,3.23,3.17,3.2
2026-01-02 04:11:00,3.1972,normal,,3.23,3.17,3.2
2026-01-02 04:12:00,3.1875,normal,,3.23,3.17,3.2
2026-01-02 04:13:00,3.2014,normal,,3.23,3.17,3.2
2026-01-02 04:14:00,3.1887,normal,,3.23,3.17,3.2
2026-01-02 04:15:00,3.2018,normal,,3.23,3.17,3.2
2026-01-02 04:16:00,3.2033,normal,,3.23,3.17,3.2
2026-01-02 04:17:00,3.1992,normal,,3.23,3.17,3.2
2026-01-02 04:18:00,3.2067,normal,,3.23,3.17,3.2
2026-01-02 04:19:00,3.1925,normal,,3.23,3.17,3.2
2026-01-02 04:20:00,3.1935,normal,,3.23,3.17,3.2
2026-01-02 04:21:00,3.2029,normal,,3.23,3.17,3.2
2026-01-02 04:22:00,3.2041,normal,,3.23,3.17,3.2
2026-01-02 04:23:00,3.2002,normal,,3.23,3.17,3.2
2026-01-02 04:24:00,3.193,normal,,3.23,3.17,3.2
2026-01-02 04:25:00,3.2033,normal,,3.23,3.17,3.2
2026-01-02 04:26:00,3.2039,normal,,3.23,3.17,3.2
2026-01-02 04:27:00,3.2002,normal,,3.23,3.17,3.2
2026-01-02 04:28:00,3.2001,normal,,3.23,3.17,3.2
2026-01-02 04:29:00,3.1977,normal,,3.23,3.17,3.2
2026-01-02 04:30:00,3.2048,normal,,3.23,3.17,3.2
2026-01-02 04:31:00,3.2023,normal,,3.23,3.17,3.2
2026-01-02 04:32:00,3.202,normal,,3.23,3.17,3.2
2026-01-02 04:33:00,3.1984,normal,,3.23,3.17,3.2
2026-01-02 04:34:00,3.2029,normal,,3.23,3.17,3.2
2026-01-02 04:35:00,3.19,normal,,3.23,3.17,3.2
2026-01-02 04:36:00,3.2044,normal,,3.23,3.17,3.2
2026-01-02 04:37:00,3.2029,normal,,3.23,3.17,3.2
2026-01-02 04:38:00,3.1922,normal,,3.23,3.17,3.2
2026-01-02 04:39:00,3.2073,normal,,3.23,3.17,3.2
2026-01-02 04:40:00,3.2009,normal,,3.23,3.17,3.2
2026-01-02 04:41:00,3.203,normal,,3.23,3.17,3.2
2026-01-02 04:42:00,3.1941,normal,,3.23,3.17,3.2
2026-01-02 04:43:00,3.1993,normal,,3.23,3.17,3.2
2026-01-02 04:44:00,3.1999,normal,,3.23,3.17,3.2
2026-01-02 04:45:00,3.1957,normal,,3.23,3.17,3.2
2026-01-02 04:46:00,3.2074,normal,,3.23,3.17,3.2
2026-01-02 04:47:00,3.1973,normal,,3.23,3.17,3.2
2026-01-02 04:48:00,3.2002,normal,,3.23,3.17,3.2
2026-01-02 04:49:00,3.2057,normal,,3.23,3.17,3.2
2026-01-02 04:50:00,3.1665,anomaly,spike,3.23,3.17,3.2
2026-01-02 04:51:00,3.2279,anomaly,spike,3.23,3.17,3.2
2026-01-02 04:52:00,3.1989,anomaly,cyclic_pattern,3.23,3.17,3.2
2026-01-02 04:53:00,3.2048,anomaly,cyclic_pattern,3.23,3.17,3.2
2026-01-02 04:54:00,3.212,anomaly,cyclic_pattern,3.23,3.17,3.2
2026-01-02 04:55:00,3.212,anomaly,cyclic_pattern,3.23,3.17,3.2
2026-01-02 04:56:00,3.2124,anomaly,cyclic_pattern,3.23,3.17,3.2
2026-01-02 04:57:00,3.2107,anomaly,cyclic_pattern,3.23,3.17,3.2
2026-01-02 04:58:00,3.2151,anomaly,cyclic_pattern,3.23,3.17,3.2
2026-01-02 04:59:00,3.2225,anomaly,cyclic_pattern,3.23,3.17,3.2
2026-01-02 05:00:00,3.2178,anomaly,cyclic_pattern,3.23,3.17,3.2
2026-01-02 05:01:00,3.2094,anomaly,cyclic_pattern,3.23,3.17,3.2
2026-01-02 05:02:00,3.2096,anomaly,cyclic_pattern,3.23,3.17,3.2
2026-01-02 05:03:00,3.2059,anomaly,cyclic_pattern,3.23,3.17,3.2
2026-01-02 05:04:00,3.2016,anomaly,cyclic_pattern,3.23,3.17,3.2
2026-01-02 05:05:00,3.1949,anomaly,cyclic_pattern,3.23,3.17,3.2
2026-01-02 05:06:00,3.1912,anomaly,cyclic_pattern,3.23,3.17,3.2
2026-01-02 05:07:00,3.185,anomaly,cyclic_pattern,3.23,3.17,3.2
2026-01-02 05:08:00,3.1908,anomaly,cyclic_pattern,3.23,3.17,3.2
2026-01-02 05:09:00,3.1921,anomaly,cyclic_pattern,3.23,3.17,3.2
2026-01-02 05:10:00,3.1865,anomaly,cyclic_pattern,3.23,3.17,3.2
2026-01-02 05:11:00,3.1841,anomaly,cyclic_pattern,3.23,3.17,3.2
2026-01-02 05:12:00,3.1883,anomaly,cyclic_pattern,3.23,3.17,3.2
2026-01-02 05:13:00,3.1914,anomaly,cyclic_pattern,3.23,3.17,3.2
2026-01-02 05:14:00,3.1947,anomaly,cyclic_pattern,3.23,3.17,3.2
2026-01-02 05:15:00,3.1968,anomaly,cyclic_pattern,3.23,3.17,3.2
2026-01-02 05:16:00,3.1976,anomaly,cyclic_pattern,3.23,3.17,3.2
2026-01-02 05:17:00,3.2074,anomaly,cyclic_pattern,3.23,3.17,3.2
2026-01-02 05:18:00,3.2059,anomaly,cyclic_pattern,3.23,3.17,3.2
2026-01-02 05:19:00,3.21,anomaly,cyclic_pattern,3.23,3.17,3.2
2026-01-02 05:20:00,3.2154,anomaly,cyclic_pattern,3.23,3.17,3.2
2026-01-02 05:21:00,3.2114,anomaly,cyclic_pattern,3.23,3.17,3.2
2026-01-02 05:22:00,3.2093,anomaly,cyclic_pattern,3.23,3.17,3.2
2026-01-02 05:23:00,3.2177,anomaly,cyclic_pattern,3.23,3.17,3.2
2026-01-02 05:24:00,3.215,anomaly,cyclic_pattern,3.23,3.17,3.2
2026-01-02 05:25:00,3.2095,anomaly,cyclic_pattern,3.23,3.17,3.2
2026-01-02 05:26:00,3.2092,anomaly,cyclic_pattern,3.23,3.17,3.2
2026-01-02 05:27:00,3.2027,anomaly,cyclic_pattern,3.23,3.17,3.2
2026-01-02 05:28:00,3.1965,anomaly,cyclic_pattern,3.23,3.17,3.2
2026-01-02 05:29:00,3.1944,anomaly,cyclic_pattern,3.23,3.17,3.2
2026-01-02 05:30:00,3.1898,anomaly,cyclic_pattern,3.23,3.17,3.2
2026-01-02 05:31:00,3.1895,anomaly,cyclic_pattern,3.23,3.17,3.2
2026-01-02 05:32:00,3.1841,anomaly,cyclic_pattern,3.23,3.17,3.2
2026-01-02 05:33:00,3.1851,anomaly,cyclic_pattern,3.23,3.17,3.2
2026-01-02 05:34:00,3.1833,anomaly,cyclic_pattern,3.23,3.17,3.2
2026-01-02 05:35:00,3.1859,anomaly,cyclic_pattern,3.23,3.17,3.2
2026-01-02 05:36:00,3.183,anomaly,cyclic_pattern,3.23,3.17,3.2
2026-01-02 05:37:00,3.189,anomaly,cyclic_pattern,3.23,3.17,3.2
2026-01-02 05:38:00,3.1955,anomaly,cyclic_pattern,3.23,3.17,3.2
2026-01-02 05:39:00,3.1988,anomaly,cyclic_pattern,3.23,3.17,3.2
2026-01-02 05:40:00,3.1942,normal,,3.23,3.17,3.2
2026-01-02 05:41:00,3.1937,normal,,3.23,3.17,3.2
2026-01-02 05:42:00,3.1948,normal,,3.23,3.17,3.2
2026-01-02 05:43:00,3.1986,normal,,3.23,3.17,3.2
2026-01-02 05:44:00,3.1926,normal,,3.23,3.17,3.2
2026-01-02 05:45:00,3.2111,normal,,3.23,3.17,3.2
2026-01-02 05:46:00,3.2,normal,,3.23,3.17,3.2
2026-01-02 05:47:00,3.1929,normal,,3.23,3.17,3.2
2026-01-02 05:48:00,3.1999,normal,,3.23,3.17,3.2
2026-01-02 05:49:00,3.1894,normal,,3.23,3.17,3.2
2026-01-02 05:50:00,3.1941,normal,,3.23,3.17,3.2
2026-01-02 05:51:00,3.2006,normal,,3.23,3.17,3.2
2026-01-02 05:52:00,3.197,normal,,3.23,3.17,3.2
2026-01-02 05:53:00,3.2052,normal,,3.23,3.17,3.2
2026-01-02 05:54:00,3.2007,normal,,3.23,3.17,3.2
2026-01-02 05:55:00,3.194,normal,,3.23,3.17,3.2
2026-01-02 05:56:00,3.1931,normal,,3.23,3.17,3.2
2026-01-02 05:57:00,3.1998,normal,,3.23,3.17,3.2
2026-01-02 05:58:00,3.1899,normal,,3.23,3.17,3.2
2026-01-02 05:59:00,3.2061,normal,,3.23,3.17,3.2
2026-01-02 06:00:00,3.1957,normal,,3.23,3.17,3.2
2026-01-02 06:01:00,3.1964,normal,,3.23,3.17,3.2
2026-01-02 06:02:00,3.2077,normal,,3.23,3.17,3.2
2026-01-02 06:03:00,3.2022,normal,,3.23,3.17,3.2
2026-01-02 06:04:00,3.1993,normal,,3.23,3.17,3.2
2026-01-02 06:05:00,3.198,normal,,3.23,3.17,3.2
2026-01-02 06:06:00,3.203,normal,,3.23,3.17,3.2
2026-01-02 06:07:00,3.2011,normal,,3.23,3.17,3.2
2026-01-02 06:08:00,3.1995,normal,,3.23,3.17,3.2
2026-01-02 06:09:00,3.1992,normal,,3.23,3.17,3.2
2026-01-02 06:10:00,3.1955,normal,,3.23,3.17,3.2
2026-01-02 06:11:00,3.2016,normal,,3.23,3.17,3.2
2026-01-02 06:12:00,3.1925,normal,,3.23,3.17,3.2
2026-01-02 06:13:00,3.2026,normal,,3.23,3.17,3.2
2026-01-02 06:14:00,3.2059,normal,,3.23,3.17,3.2
2026-01-02 06:15:00,3.1995,normal,,3.23,3.17,3.2
2026-01-02 06:16:00,3.188,normal,,3.23,3.17,3.2
2026-01-02 06:17:00,3.2028,normal,,3.23,3.17,3.2
2026-01-02 06:18:00,3.1989,normal,,3.23,3.17,3.2
2026-01-02 06:19:00,3.1927,normal,,3.23,3.17,3.2
2026-01-02 06:20:00,3.1887,normal,,3.23,3.17,3.2
2026-01-02 06:21:00,3.2029,normal,,3.23,3.17,3.2
2026-01-02 06:22:00,3.194,normal,,3.23,3.17,3.2
2026-01-02 06:23:00,3.2005,normal,,3.23,3.17,3.2
2026-01-02 06:24:00,3.1999,normal,,3.23,3.17,3.2
2026-01-02 06:25:00,3.2026,normal,,3.23,3.17,3.2
2026-01-02 06:26:00,3.1989,normal,,3.23,3.17,3.2
2026-01-02 06:27:00,3.2064,normal,,3.23,3.17,3.2
2026-01-02 06:28:00,3.2055,normal,,3.23,3.17,3.2
2026-01-02 06:29:00,3.1978,normal,,3.23,3.17,3.2
2026-01-02 06:30:00,3.2023,normal,,3.23,3.17,3.2
2026-01-02 06:31:00,3.1953,normal,,3.23,3.17,3.2
2026-01-02 06:32:00,3.2018,normal,,3.23,3.17,3.2
2026-01-02 06:33:00,3.2008,normal,,3.23,3.17,3.2
2026-01-02 06:34:00,3.1982,normal,,3.23,3.17,3.2
2026-01-02 06:35:00,3.2014,normal,,3.23,3.17,3.2
2026-01-02 06:36:00,3.2008,normal,,3.23,3.17,3.2
2026-01-02 06:37:00,3.1956,normal,,3.23,3.17,3.2
2026-01-02 06:38:00,3.2,normal,,3.23,3.17,3.2
2026-01-02 06:39:00,3.1911,normal,,3.23,3.17,3.2
2026-01-02 06:40:00,3.2056,normal,,3.23,3.17,3.2
2026-01-02 06:41:00,3.1967,normal,,3.23,3.17,3.2
2026-01-02 06:42:00,3.1994,normal,,3.23,3.17,3.2
2026-01-02 06:43:00,3.1944,normal,,3.23,3.17,3.2
2026-01-02 06:44:00,3.1885,normal,,3.23,3.17,3.2
2026-01-02 06:45:00,3.1934,normal,,3.23,3.17,3.2
2026-01-02 06:46:00,3.1938,normal,,3.23,3.17,3.2
2026-01-02 06:47:00,3.1978,normal,,3.23,3.17,3.2
2026-01-02 06:48:00,3.2049,normal,,3.23,3.17,3.2
2026-01-02 06:49:00,3.1977,normal,,3.23,3.17,3.2
2026-01-02 06:50:00,3.2075,normal,,3.23,3.17,3.2
2026-01-02 06:51:00,3.2058,normal,,3.23,3.17,3.2
2026-01-02 06:52:00,3.1904,normal,,3.23,3.17,3.2
2026-01-02 06:53:00,3.1994,normal,,3.23,3.17,3.2
2026-01-02 06:54:00,3.2079,normal,,3.23,3.17,3.2
2026-01-02 06:55:00,3.2025,normal,,3.23,3.17,3.2
2026-01-02 06:56:00,3.189,normal,,3.23,3.17,3.2
2026-01-02 06:57:00,3.2001,normal,,3.23,3.17,3.2
2026-01-02 06:58:00,3.1959,normal,,3.23,3.17,3.2
2026-01-02 06:59:00,3.1941,normal,,3.23,3.17,3.2
2026-01-02 07:00:00,3.1888,normal,,3.23,3.17,3.2
2026-01-02 07:01:00,3.1934,normal,,3.23,3.17,3.2
2026-01-02 07:02:00,3.195,normal,,3.23,3.17,3.2
2026-01-02 07:03:00,3.2093,normal,,3.23,3.17,3.2
2026-01-02 07:04:00,3.1994,normal,,3.23,3.17,3.2
2026-01-02 07:05:00,3.2021,normal,,3.23,3.17,3.2
2026-01-02 07:06:00,3.207,normal,,3.23,3.17,3.2
2026-01-02 07:07:00,3.1935,normal,,3.23,3.17,3.2
2026-01-02 07:08:00,3.2021,normal,,3.23,3.17,3.2
2026-01-02 07:09:00,3.2038,normal,,3.23,3.17,3.2
2026-01-02 07:10:00,3.2067,normal,,3.23,3.17,3.2
2026-01-02 07:11:00,3.1968,normal,,3.23,3.17,3.2
2026-01-02 07:12:00,3.1903,normal,,3.23,3.17,3.2
2026-01-02 07:13:00,3.2013,normal,,3.23,3.17,3.2
2026-01-02 07:14:00,3.204,normal,,3.23,3.17,3.2
2026-01-02 07:15:00,3.2049,normal,,3.23,3.17,3.2
2026-01-02 07:16:00,3.2013,normal,,3.23,3.17,3.2
2026-01-02 07:17:00,3.2019,normal,,3.23,3.17,3.2
2026-01-02 07:18:00,3.2002,normal,,3.23,3.17,3.2
2026-01-02 07:19:00,3.1968,normal,,3.23,3.17,3.2
2026-01-02 07:20:00,3.2,normal,,3.23,3.17,3.2
2026-01-02 07:21:00,3.1974,normal,,3.23,3.17,3.2
2026-01-02 07:22:00,3.1958,normal,,3.23,3.17,3.2
2026-01-02 07:23:00,3.2044,normal,,3.23,3.17,3.2
2026-01-02 07:24:00,3.2076,normal,,3.23,3.17,3.2
2026-01-02 07:25:00,3.1949,normal,,3.23,3.17,3.2
2026-01-02 07:26:00,3.1906,normal,,3.23,3.17,3.2
2026-01-02 07:27:00,3.211,normal,,3.23,3.17,3.2
2026-01-02 07:28:00,3.1988,normal,,3.23,3.17,3.2
2026-01-02 07:29:00,3.2026,normal,,3.23,3.17,3.2
2026-01-02 07:30:00,3.2029,normal,,3.23,3.17,3.2
2026-01-02 07:31:00,3.2037,normal,,3.23,3.17,3.2
2026-01-02 07:32:00,3.1966,normal,,3.23,3.17,3.2
2026-01-02 07:33:00,3.1933,normal,,3.23,3.17,3.2
2026-01-02 07:34:00,3.2062,normal,,3.23,3.17,3.2
2026-01-02 07:35:00,3.2046,normal,,3.23,3.17,3.2
2026-01-02 07:36:00,3.1872,normal,,3.23,3.17,3.2
2026-01-02 07:37:00,3.1993,normal,,3.23,3.17,3.2
2026-01-02 07:38:00,3.1994,normal,,3.23,3.17,3.2
2026-01-02 07:39:00,3.2031,normal,,3.23,3.17,3.2
2026-01-02 07:40:00,3.2024,normal,,3.23,3.17,3.2
2026-01-02 07:41:00,3.2001,normal,,3.23,3.17,3.2
2026-01-02 07:42:00,3.195,normal,,3.23,3.17,3.2
2026-01-02 07:43:00,3.2006,normal,,3.23,3.17,3.2
2026-01-02 07:44:00,3.1917,normal,,3.23,3.17,3.2
2026-01-02 07:45:00,3.2067,normal,,3.23,3.17,3.2
2026-01-02 07:46:00,3.2144,normal,,3.23,3.17,3.2
2026-01-02 07:47:00,3.1993,normal,,3.23,3.17,3.2
2026-01-02 07:48:00,3.2031,normal,,3.23,3.17,3.2
2026-01-02 07:49:00,3.2121,normal,,3.23,3.17,3.2
2026-01-02 07:50:00,3.2018,normal,,3.23,3.17,3.2
2026-01-02 07:51:00,3.2048,normal,,3.23,3.17,3.2
2026-01-02 07:52:00,3.2134,normal,,3.23,3.17,3.2
2026-01-02 07:53:00,3.1946,normal,,3.23,3.17,3.2
2026-01-02 07:54:00,3.1855,normal,,3.23,3.17,3.2
2026-01-02 07:55:00,3.2021,normal,,3.23,3.17,3.2
2026-01-02 07:56:00,3.1905,normal,,3.23,3.17,3.2
2026-01-02 07:57:00,3.1839,normal,,3.23,3.17,3.2
2026-01-02 07:58:00,3.1919,normal,,3.23,3.17,3.2
2026-01-02 07:59:00,3.2045,normal,,3.23,3.17,3.2
2026-01-02 08:00:00,3.1916,normal,,3.23,3.17,3.2
2026-01-02 08:01:00,3.2033,normal,,3.23,3.17,3.2
2026-01-02 08:02:00,3.1959,normal,,3.23,3.17,3.2
2026-01-02 08:03:00,3.2041,normal,,3.23,3.17,3.2
2026-01-02 08:04:00,3.2038,normal,,3.23,3.17,3.2
2026-01-02 08:05:00,3.2009,normal,,3.23,3.17,3.2
2026-01-02 08:06:00,3.2008,normal,,3.23,3.17,3.2
2026-01-02 08:07:00,3.1989,normal,,3.23,3.17,3.2
2026-01-02 08:08:00,3.1936,normal,,3.23,3.17,3.2
2026-01-02 08:09:00,3.1968,normal,,3.23,3.17,3.2
2026-01-02 08:10:00,3.2005,normal,,3.23,3.17,3.2
2026-01-02 08:11:00,3.1966,normal,,3.23,3.17,3.2
2026-01-02 08:12:00,3.2023,normal,,3.23,3.17,3.2
2026-01-02 08:13:00,3.2023,normal,,3.23,3.17,3.2
2026-01-02 08:14:00,3.2026,normal,,3.23,3.17,3.2
2026-01-02 08:15:00,3.2027,normal,,3.23,3.17,3.2
2026-01-02 08:16:00,3.2099,normal,,3.23,3.17,3.2
2026-01-02 08:17:00,3.1984,normal,,3.23,3.17,3.2
2026-01-02 08:18:00,3.1999,normal,,3.23,3.17,3.2
2026-01-02 08:19:00,3.193,normal,,3.23,3.17,3.2
2026-01-02 08:20:00,3.1977,normal,,3.23,3.17,3.2
2026-01-02 08:21:00,3.2043,normal,,3.23,3.17,3.2
2026-01-02 08:22:00,3.2011,normal,,3.23,3.17,3.2
2026-01-02 08:23:00,3.2048,normal,,3.23,3.17,3.2
2026-01-02 08:24:00,3.2035,normal,,3.23,3.17,3.2
2026-01-02 08:25:00,3.1921,normal,,3.23,3.17,3.2
2026-01-02 08:26:00,3.2083,normal,,3.23,3.17,3.2
2026-01-02 08:27:00,3.1947,normal,,3.23,3.17,3.2
2026-01-02 08:28:00,3.1987,normal,,3.23,3.17,3.2
2026-01-02 08:29:00,3.2032,normal,,3.23,3.17,3.2
2026-01-02 08:30:00,3.1988,normal,,3.23,3.17,3.2
2026-01-02 08:31:00,3.2037,normal,,3.23,3.17,3.2
2026-01-02 08:32:00,3.1989,normal,,3.23,3.17,3.2
2026-01-02 08:33:00,3.1957,normal,,3.23,3.17,3.2
2026-01-02 08:34:00,3.2053,normal,,3.23,3.17,3.2
2026-01-02 08:35:00,3.2062,normal,,3.23,3.17,3.2
2026-01-02 08:36:00,3.1899,normal,,3.23,3.17,3.2
2026-01-02 08:37:00,3.1925,normal,,3.23,3.17,3.2
2026-01-02 08:38:00,3.1996,normal,,3.23,3.17,3.2
2026-01-02 08:39:00,3.1976,normal,,3.23,3.17,3.2
2026-01-02 08:40:00,3.2014,normal,,3.23,3.17,3.2
2026-01-02 08:41:00,3.187,normal,,3.23,3.17,3.2
2026-01-02 08:42:00,3.1954,normal,,3.23,3.17,3.2
2026-01-02 08:43:00,3.2065,normal,,3.23,3.17,3.2
2026-01-02 08:44:00,3.2003,normal,,3.23,3.17,3.2
2026-01-02 08:45:00,3.199,normal,,3.23,3.17,3.2
2026-01-02 08:46:00,3.205,normal,,3.23,3.17,3.2
2026-01-02 08:47:00,3.2068,normal,,3.23,3.17,3.2
2026-01-02 08:48:00,3.2097,normal,,3.23,3.17,3.2
2026-01-02 08:49:00,3.1931,normal,,3.23,3.17,3.2
2026-01-02 08:50:00,3.2037,normal,,3.23,3.17,3.2
2026-01-02 08:51:00,3.2031,normal,,3.23,3.17,3.2
2026-01-02 08:52:00,3.2024,normal,,3.23,3.17,3.2
2026-01-02 08:53:00,3.1992,normal,,3.23,3.17,3.2
2026-01-02 08:54:00,3.202,normal,,3.23,3.17,3.2
2026-01-02 08:55:00,3.1979,normal,,3.23,3.17,3.2
2026-01-02 08:56:00,3.2119,normal,,3.23,3.17,3.2
2026-01-02 08:57:00,3.1949,normal,,3.23,3.17,3.2
2026-01-02 08:58:00,3.1932,normal,,3.23,3.17,3.2
2026-01-02 08:59:00,3.1981,normal,,3.23,3.17,3.2
2026-01-02 09:00:00,3.205,normal,,3.23,3.17,3.2
2026-01-02 09:01:00,3.1806,normal,,3.23,3.17,3.2
2026-01-02 09:02:00,3.1973,normal,,3.23,3.17,3.2
2026-01-02 09:03:00,3.1937,normal,,3.23,3.17,3.2
2026-01-02 09:04:00,3.1987,normal,,3.23,3.17,3.2
2026-01-02 09:05:00,3.2007,normal,,3.23,3.17,3.2
2026-01-02 09:06:00,3.1949,normal,,3.23,3.17,3.2
2026-01-02 09:07:00,3.205,normal,,3.23,3.17,3.2
2026-01-02 09:08:00,3.2024,normal,,3.23,3.17,3.2
2026-01-02 09:09:00,3.2025,normal,,3.23,3.17,3.2
2026-01-02 09:10:00,3.1962,normal,,3.23,3.17,3.2
2026-01-02 09:11:00,3.2114,normal,,3.23,3.17,3.2
2026-01-02 09:12:00,3.1961,normal,,3.23,3.17,3.2
2026-01-02 09:13:00,3.2013,normal,,3.23,3.17,3.2
2026-01-02 09:14:00,3.2098,normal,,3.23,3.17,3.2
2026-01-02 09:15:00,3.2046,normal,,3.23,3.17,3.2
2026-01-02 09:16:00,3.2042,normal,,3.23,3.17,3.2
2026-01-02 09:17:00,3.1937,normal,,3.23,3.17,3.2
2026-01-02 09:18:00,3.1935,normal,,3.23,3.17,3.2
2026-01-02 09:19:00,3.1888,normal,,3.23,3.17,3.2
2026-01-02 09:20:00,3.1961,normal,,3.23,3.17,3.2
2026-01-02 09:21:00,3.199,normal,,3.23,3.17,3.2
2026-01-02 09:22:00,3.1918,normal,,3.23,3.17,3.2
2026-01-02 09:23:00,3.1995,normal,,3.23,3.17,3.2
2026-01-02 09:24:00,3.1888,normal,,3.23,3.17,3.2
2026-01-02 09:25:00,3.2061,normal,,3.23,3.17,3.2
2026-01-02 09:26:00,3.1923,normal,,3.23,3.17,3.2
2026-01-02 09:27:00,3.1996,normal,,3.23,3.17,3.2
2026-01-02 09:28:00,3.2088,normal,,3.23,3.17,3.2
2026-01-02 09:29:00,3.2038,normal,,3.23,3.17,3.2
2026-01-02 09:30:00,3.193,normal,,3.23,3.17,3.2
2026-01-02 09:31:00,3.2019,normal,,3.23,3.17,3.2
2026-01-02 09:32:00,3.1963,normal,,3.23,3.17,3.2
2026-01-02 09:33:00,3.2024,normal,,3.23,3.17,3.2
2026-01-02 09:34:00,3.1991,normal,,3.23,3.17,3.2
2026-01-02 09:35:00,3.1884,normal,,3.23,3.17,3.2
2026-01-02 09:36:00,3.2065,normal,,3.23,3.17,3.2
2026-01-02 09:37:00,3.2024,normal,,3.23,3.17,3.2
2026-01-02 09:38:00,3.2112,normal,,3.23,3.17,3.2
2026-01-02 09:39:00,3.2006,normal,,3.23,3.17,3.2
2026-01-02 09:40:00,3.1927,normal,,3.23,3.17,3.2
2026-01-02 09:41:00,3.2005,normal,,3.23,3.17,3.2
2026-01-02 09:42:00,3.2038,normal,,3.23,3.17,3.2
2026-01-02 09:43:00,3.1967,normal,,3.23,3.17,3.2
2026-01-02 09:44:00,3.1844,normal,,3.23,3.17,3.2
2026-01-02 09:45:00,3.2059,normal,,3.23,3.17,3.2
2026-01-02 09:46:00,3.2,normal,,3.23,3.17,3.2
2026-01-02 09:47:00,3.2024,normal,,3.23,3.17,3.2
2026-01-02 09:48:00,3.2033,normal,,3.23,3.17,3.2
2026-01-02 09:49:00,3.2,normal,,3.23,3.17,3.2
2026-01-02 09:50:00,3.1945,normal,,3.23,3.17,3.2
2026-01-02 09:51:00,3.1965,normal,,3.23,3.17,3.2
2026-01-02 09:52:00,3.1843,normal,,3.23,3.17,3.2
2026-01-02 09:53:00,3.2012,normal,,3.23,3.17,3.2
2026-01-02 09:54:00,3.1955,normal,,3.23,3.17,3.2
2026-01-02 09:55:00,3.1912,normal,,3.23,3.17,3.2
2026-01-02 09:56:00,3.1956,normal,,3.23,3.17,3.2
2026-01-02 09:57:00,3.1941,normal,,3.23,3.17,3.2
2026-01-02 09:58:00,3.2106,normal,,3.23,3.17,3.2
2026-01-02 09:59:00,3.1956,normal,,3.23,3.17,3.2
2026-01-02 10:00:00,3.1973,normal,,3.23,3.17,3.2
2026-01-02 10:01:00,3.1977,normal,,3.23,3.17,3.2
2026-01-02 10:02:00,3.1925,normal,,3.23,3.17,3.2
2026-01-02 10:03:00,3.2082,normal,,3.23,3.17,3.2
2026-01-02 10:04:00,3.2097,normal,,3.23,3.17,3.2
2026-01-02 10:05:00,3.2038,normal,,3.23,3.17,3.2
2026-01-02 10:06:00,3.204,normal,,3.23,3.17,3.2
2026-01-02 10:07:00,3.2027,normal,,3.23,3.17,3.2
2026-01-02 10:08:00,3.2014,normal,,3.23,3.17,3.2
2026-01-02 10:09:00,3.2062,normal,,3.23,3.17,3.2
2026-01-02 10:10:00,3.1996,normal,,3.23,3.17,3.2
2026-01-02 10:11:00,3.1969,normal,,3.23,3.17,3.2
2026-01-02 10:12:00,3.192,normal,,3.23,3.17,3.2
2026-01-02 10:13:00,3.1947,normal,,3.23,3.17,3.2
2026-01-02 10:14:00,3.1966,normal,,3.23,3.17,3.2
2026-01-02 10:15:00,3.2088,normal,,3.23,3.17,3.2
2026-01-02 10:16:00,3.2057,normal,,3.23,3.17,3.2
2026-01-02 10:17:00,3.1964,normal,,3.23,3.17,3.2
2026-01-02 10:18:00,3.2009,normal,,3.23,3.17,3.2
2026-01-02 10:19:00,3.2056,normal,,3.23,3.17,3.2
2026-01-02 10:20:00,3.1985,normal,,3.23,3.17,3.2
2026-01-02 10:21:00,3.1944,normal,,3.23,3.17,3.2
2026-01-02 10:22:00,3.2076,normal,,3.23,3.17,3.2
2026-01-02 10:23:00,3.2034,normal,,3.23,3.17,3.2
2026-01-02 10:24:00,3.1978,normal,,3.23,3.17,3.2
2026-01-02 10:25:00,3.1958,normal,,3.23,3.17,3.2
2026-01-02 10:26:00,3.2021,normal,,3.23,3.17,3.2
2026-01-02 10:27:00,3.2047,normal,,3.23,3.17,3.2
2026-01-02 10:28:00,3.1957,normal,,3.23,3.17,3.2
2026-01-02 10:29:00,3.1953,normal,,3.23,3.17,3.2
2026-01-02 10:30:00,3.2068,normal,,3.23,3.17,3.2
2026-01-02 10:31:00,3.2003,normal,,3.23,3.17,3.2
2026-01-02 10:32:00,3.1927,normal,,3.23,3.17,3.2
2026-01-02 10:33:00,3.1972,normal,,3.23,3.17,3.2
2026-01-02 10:34:00,3.2034,normal,,3.23,3.17,3.2
2026-01-02 10:35:00,3.2028,normal,,3.23,3.17,3.2
2026-01-02 10:36:00,3.1931,normal,,3.23,3.17,3.2
2026-01-02 10:37:00,3.2022,normal,,3.23,3.17,3.2
2026-01-02 10:38:00,3.2042,normal,,3.23,3.17,3.2
2026-01-02 10:39:00,3.1974,normal,,3.23,3.17,3.2
2026-01-02 10:40:00,3.2061,normal,,3.23,3.17,3.2
2026-01-02 10:41:00,3.1963,normal,,3.23,3.17,3.2
2026-01-02 10:42:00,3.2008,normal,,3.23,3.17,3.2
2026-01-02 10:43:00,3.2,normal,,3.23,3.17,3.2
2026-01-02 10:44:00,3.1994,normal,,3.23,3.17,3.2
2026-01-02 10:45:00,3.1961,normal,,3.23,3.17,3.2
2026-01-02 10:46:00,3.1957,normal,,3.23,3.17,3.2
2026-01-02 10:47:00,3.1912,normal,,3.23,3.17,3.2
2026-01-02 10:48:00,3.1857,normal,,3.23,3.17,3.2
2026-01-02 10:49:00,3.2021,normal,,3.23,3.17,3.2
2026-01-02 10:50:00,3.195,anomaly,sudden_shift,3.23,3.17,3.2
2026-01-02 10:51:00,3.1812,anomaly,sudden_shift,3.23,3.17,3.2
2026-01-02 10:52:00,3.203,anomaly,sudden_shift,3.23,3.17,3.2
2026-01-02 10:53:00,3.1921,anomaly,sudden_shift,3.23,3.17,3.2
2026-01-02 10:54:00,3.1929,anomaly,sudden_shift,3.23,3.17,3.2
2026-01-02 10:55:00,3.1951,anomaly,sudden_shift,3.23,3.17,3.2
2026-01-02 10:56:00,3.1923,anomaly,sudden_shift,3.23,3.17,3.2
2026-01-02 10:57:00,3.192,anomaly,sudden_shift,3.23,3.17,3.2
2026-01-02 10:58:00,3.1884,anomaly,sudden_shift,3.23,3.17,3.2
2026-01-02 10:59:00,3.1825,anomaly,sudden_shift,3.23,3.17,3.2
2026-01-02 11:00:00,3.1923,anomaly,sudden_shift,3.23,3.17,3.2
2026-01-02 11:01:00,3.1876,anomaly,sudden_shift,3.23,3.17,3.2
2026-01-02 11:02:00,3.1925,anomaly,sudden_shift,3.23,3.17,3.2
2026-01-02 11:03:00,3.1928,anomaly,sudden_shift,3.23,3.17,3.2
2026-01-02 11:04:00,3.1829,anomaly,sudden_shift,3.23,3.17,3.2
2026-01-02 11:05:00,3.1961,anomaly,sudden_shift,3.23,3.17,3.2
2026-01-02 11:06:00,3.186,anomaly,sudden_shift,3.23,3.17,3.2
2026-01-02 11:07:00,3.1866,anomaly,sudden_shift,3.23,3.17,3.2
2026-01-02 11:08:00,3.1909,anomaly,sudden_shift,3.23,3.17,3.2
2026-01-02 11:09:00,3.1984,anomaly,sudden_shift,3.23,3.17,3.2
2026-01-02 11:10:00,3.1957,anomaly,sudden_shift,3.23,3.17,3.2
2026-01-02 11:11:00,3.195,anomaly,sudden_shift,3.23,3.17,3.2
2026-01-02 11:12:00,3.1893,anomaly,sudden_shift,3.23,3.17,3.2
2026-01-02 11:13:00,3.1874,anomaly,sudden_shift,3.23,3.17,3.2
2026-01-02 11:14:00,3.1954,anomaly,sudden_shift,3.23,3.17,3.2
2026-01-02 11:15:00,3.1934,anomaly,sudden_shift,3.23,3.17,3.2
2026-01-02 11:16:00,3.1826,anomaly,sudden_shift,3.23,3.17,3.2
2026-01-02 11:17:00,3.1836,anomaly,sudden_shift,3.23,3.17,3.2
2026-01-02 11:18:00,3.1927,anomaly,sudden_shift,3.23,3.17,3.2
2026-01-02 11:19:00,3.1879,anomaly,sudden_shift,3.23,3.17,3.2
2026-01-02 11:20:00,3.1969,anomaly,sudden_shift,3.23,3.17,3.2
2026-01-02 11:21:00,3.1919,anomaly,sudden_shift,3.23,3.17,3.2
2026-01-02 11:22:00,3.1907,anomaly,sudden_shift,3.23,3.17,3.2
2026-01-02 11:23:00,3.1928,anomaly,sudden_shift,3.23,3.17,3.2
2026-01-02 11:24:00,3.1916,anomaly,sudden_shift,3.23,3.17,3.2
2026-01-02 11:25:00,3.1906,anomaly,sudden_shift,3.23,3.17,3.2
2026-01-02 11:26:00,3.1783,anomaly,sudden_shift,3.23,3.17,3.2
2026-01-02 11:27:00,3.1907,anomaly,sudden_shift,3.23,3.17,3.2
2026-01-02 11:28:00,3.1852,anomaly,sudden_shift,3.23,3.17,3.2
2026-01-02 11:29:00,3.1858,anomaly,sudden_shift,3.23,3.17,3.2
2026-01-02 11:30:00,3.1997,normal,,3.23,3.17,3.2
2026-01-02 11:31:00,3.1996,normal,,3.23,3.17,3.2
2026-01-02 11:32:00,3.2002,normal,,3.23,3.17,3.2
2026-01-02 11:33:00,3.1904,normal,,3.23,3.17,3.2
2026-01-02 11:34:00,3.2036,normal,,3.23,3.17,3.2
2026-01-02 11:35:00,3.197,normal,,3.23,3.17,3.2
2026-01-02 11:36:00,3.2099,normal,,3.23,3.17,3.2
2026-01-02 11:37:00,3.2017,normal,,3.23,3.17,3.2
2026-01-02 11:38:00,3.194,normal,,3.23,3.17,3.2
2026-01-02 11:39:00,3.199,normal,,3.23,3.17,3.2
2026-01-02 11:40:00,3.191,normal,,3.23,3.17,3.2
2026-01-02 11:41:00,3.2068,normal,,3.23,3.17,3.2
2026-01-02 11:42:00,3.1955,normal,,3.23,3.17,3.2
2026-01-02 11:43:00,3.1973,normal,,3.23,3.17,3.2
2026-01-02 11:44:00,3.2011,normal,,3.23,3.17,3.2
2026-01-02 11:45:00,3.2062,normal,,3.23,3.17,3.2
2026-01-02 11:46:00,3.1998,normal,,3.23,3.17,3.2
2026-01-02 11:47:00,3.2114,normal,,3.23,3.17,3.2
2026-01-02 11:48:00,3.1935,normal,,3.23,3.17,3.2
2026-01-02 11:49:00,3.201,normal,,3.23,3.17,3.2
2026-01-02 11:50:00,3.2067,normal,,3.23,3.17,3.2
2026-01-02 11:51:00,3.1995,normal,,3.23,3.17,3.2
2026-01-02 11:52:00,3.1966,normal,,3.23,3.17,3.2
2026-01-02 11:53:00,3.1979,normal,,3.23,3.17,3.2
2026-01-02 11:54:00,3.2027,normal,,3.23,3.17,3.2
2026-01-02 11:55:00,3.1901,normal,,3.23,3.17,3.2
2026-01-02 11:56:00,3.1996,normal,,3.23,3.17,3.2
2026-01-02 11:57:00,3.1966,normal,,3.23,3.17,3.2
2026-01-02 11:58:00,3.1965,normal,,3.23,3.17,3.2
2026-01-02 11:59:00,3.1957,normal,,3.23,3.17,3.2
2026-01-02 12:00:00,3.203,normal,,3.23,3.17,3.2
2026-01-02 12:01:00,3.1901,normal,,3.23,3.17,3.2
2026-01-02 12:02:00,3.2021,normal,,3.23,3.17,3.2
2026-01-02 12:03:00,3.2002,normal,,3.23,3.17,3.2
2026-01-02 12:04:00,3.2041,normal,,3.23,3.17,3.2
2026-01-02 12:05:00,3.2055,normal,,3.23,3.17,3.2
2026-01-02 12:06:00,3.1975,normal,,3.23,3.17,3.2
2026-01-02 12:07:00,3.1989,normal,,3.23,3.17,3.2
2026-01-02 12:08:00,3.2014,normal,,3.23,3.17,3.2
2026-01-02 12:09:00,3.2075,normal,,3.23,3.17,3.2
2026-01-02 12:10:00,3.1962,normal,,3.23,3.17,3.2
2026-01-02 12:11:00,3.1991,normal,,3.23,3.17,3.2
2026-01-02 12:12:00,3.2014,normal,,3.23,3.17,3.2
2026-01-02 12:13:00,3.2019,normal,,3.23,3.17,3.2
2026-01-02 12:14:00,3.2094,normal,,3.23,3.17,3.2
2026-01-02 12:15:00,3.1878,normal,,3.23,3.17,3.2
2026-01-02 12:16:00,3.1968,normal,,3.23,3.17,3.2
2026-01-02 12:17:00,3.2018,normal,,3.23,3.17,3.2
2026-01-02 12:18:00,3.1993,normal,,3.23,3.17,3.2
2026-01-02 12:19:00,3.1971,normal,,3.23,3.17,3.2
2026-01-02 12:20:00,3.2017,normal,,3.23,3.17,3.2
2026-01-02 12:21:00,3.2065,normal,,3.23,3.17,3.2
2026-01-02 12:22:00,3.201,normal,,3.23,3.17,3.2
2026-01-02 12:23:00,3.1996,normal,,3.23,3.17,3.2
2026-01-02 12:24:00,3.1975,normal,,3.23,3.17,3.2
2026-01-02 12:25:00,3.1759,normal,,3.23,3.17,3.2
2026-01-02 12:26:00,3.2069,normal,,3.23,3.17,3.2
2026-01-02 12:27:00,3.205,normal,,3.23,3.17,3.2
2026-01-02 12:28:00,3.2062,normal,,3.23,3.17,3.2
2026-01-02 12:29:00,3.2162,normal,,3.23,3.17,3.2
2026-01-02 12:30:00,3.2001,normal,,3.23,3.17,3.2
2026-01-02 12:31:00,3.1952,normal,,3.23,3.17,3.2
2026-01-02 12:32:00,3.2025,normal,,3.23,3.17,3.2
2026-01-02 12:33:00,3.2033,normal,,3.23,3.17,3.2
2026-01-02 12:34:00,3.1999,normal,,3.23,3.17,3.2
2026-01-02 12:35:00,3.2044,normal,,3.23,3.17,3.2
2026-01-02 12:36:00,3.1973,normal,,3.23,3.17,3.2
2026-01-02 12:37:00,3.1965,normal,,3.23,3.17,3.2
2026-01-02 12:38:00,3.2048,normal,,3.23,3.17,3.2
2026-01-02 12:39:00,3.2003,normal,,3.23,3.17,3.2
2026-01-02 12:40:00,3.1931,normal,,3.23,3.17,3.2
2026-01-02 12:41:00,3.2044,normal,,3.23,3.17,3.2
2026-01-02 12:42:00,3.1976,normal,,3.23,3.17,3.2
2026-01-02 12:43:00,3.2054,normal,,3.23,3.17,3.2
2026-01-02 12:44:00,3.1986,normal,,3.23,3.17,3.2
2026-01-02 12:45:00,3.2034,normal,,3.23,3.17,3.2
2026-01-02 12:46:00,3.1889,normal,,3.23,3.17,3.2
2026-01-02 12:47:00,3.1997,normal,,3.23,3.17,3.2
2026-01-02 12:48:00,3.2094,normal,,3.23,3.17,3.2
2026-01-02 12:49:00,3.2053,normal,,3.23,3.17,3.2
2026-01-02 12:50:00,3.2009,normal,,3.23,3.17,3.2
2026-01-02 12:51:00,3.2072,normal,,3.23,3.17,3.2
2026-01-02 12:52:00,3.1971,normal,,3.23,3.17,3.2
2026-01-02 12:53:00,3.205,normal,,3.23,3.17,3.2
2026-01-02 12:54:00,3.1973,normal,,3.23,3.17,3.2
2026-01-02 12:55:00,3.1993,normal,,3.23,3.17,3.2
2026-01-02 12:56:00,3.2033,normal,,3.23,3.17,3.2
2026-01-02 12:57:00,3.2041,normal,,3.23,3.17,3.2
2026-01-02 12:58:00,3.1955,normal,,3.23,3.17,3.2
2026-01-02 12:59:00,3.1998,normal,,3.23,3.17,3.2
2026-01-02 13:00:00,3.2049,normal,,3.23,3.17,3.2
2026-01-02 13:01:00,3.2037,normal,,3.23,3.17,3.2
2026-01-02 13:02:00,3.1935,normal,,3.23,3.17,3.2
2026-01-02 13:03:00,3.2062,normal,,3.23,3.17,3.2
2026-01-02 13:04:00,3.1922,normal,,3.23,3.17,3.2
2026-01-02 13:05:00,3.2047,normal,,3.23,3.17,3.2
2026-01-02 13:06:00,3.1924,normal,,3.23,3.17,3.2
2026-01-02 13:07:00,3.1871,normal,,3.23,3.17,3.2
2026-01-02 13:08:00,3.1936,normal,,3.23,3.17,3.2
2026-01-02 13:09:00,3.1892,normal,,3.23,3.17,3.2
2026-01-02 13:10:00,3.2027,normal,,3.23,3.17,3.2
2026-01-02 13:11:00,3.2005,normal,,3.23,3.17,3.2
2026-01-02 13:12:00,3.1893,normal,,3.23,3.17,3.2
2026-01-02 13:13:00,3.2039,normal,,3.23,3.17,3.2
2026-01-02 13:14:00,3.1943,normal,,3.23,3.17,3.2
2026-01-02 13:15:00,3.2034,normal,,3.23,3.17,3.2
2026-01-02 13:16:00,3.1916,normal,,3.23,3.17,3.2
2026-01-02 13:17:00,3.2013,normal,,3.23,3.17,3.2
2026-01-02 13:18:00,3.206,normal,,3.23,3.17,3.2
2026-01-02 13:19:00,3.198,normal,,3.23,3.17,3.2
2026-01-02 13:20:00,3.1967,normal,,3.23,3.17,3.2
2026-01-02 13:21:00,3.2024,normal,,3.23,3.17,3.2
2026-01-02 13:22:00,3.1951,normal,,3.23,3.17,3.2
2026-01-02 13:23:00,3.1961,normal,,3.23,3.17,3.2
2026-01-02 13:24:00,3.196,normal,,3.23,3.17,3.2
2026-01-02 13:25:00,3.2128,normal,,3.23,3.17,3.2
2026-01-02 13:26:00,3.1961,normal,,3.23,3.17,3.2
2026-01-02 13:27:00,3.2005,normal,,3.23,3.17,3.2
2026-01-02 13:28:00,3.1993,normal,,3.23,3.17,3.2
2026-01-02 13:29:00,3.2012,normal,,3.23,3.17,3.2
2026-01-02 13:30:00,3.2053,normal,,3.23,3.17,3.2
2026-01-02 13:31:00,3.1805,normal,,3.23,3.17,3.2
2026-01-02 13:32:00,3.1989,normal,,3.23,3.17,3.2
2026-01-02 13:33:00,3.1879,normal,,3.23,3.17,3.2
2026-01-02 13:34:00,3.1894,normal,,3.23,3.17,3.2
2026-01-02 13:35:00,3.1889,normal,,3.23,3.17,3.2
2026-01-02 13:36:00,3.1946,normal,,3.23,3.17,3.2
2026-01-02 13:37:00,3.2108,normal,,3.23,3.17,3.2
2026-01-02 13:38:00,3.192,normal,,3.23,3.17,3.2
2026-01-02 13:39:00,3.1908,normal,,3.23,3.17,3.2
2026-01-02 13:40:00,3.1966,normal,,3.23,3.17,3.2
2026-01-02 13:41:00,3.1977,normal,,3.23,3.17,3.2
2026-01-02 13:42:00,3.1911,normal,,3.23,3.17,3.2
2026-01-02 13:43:00,3.2005,normal,,3.23,3.17,3.2
2026-01-02 13:44:00,3.2057,normal,,3.23,3.17,3.2
2026-01-02 13:45:00,3.1983,normal,,3.23,3.17,3.2
2026-01-02 13:46:00,3.191,normal,,3.23,3.17,3.2
2026-01-02 13:47:00,3.1948,normal,,3.23,3.17,3.2
2026-01-02 13:48:00,3.2101,normal,,3.23,3.17,3.2
2026-01-02 13:49:00,3.1904,normal,,3.23,3.17,3.2
2026-01-02 13:50:00,3.2032,normal,,3.23,3.17,3.2
2026-01-02 13:51:00,3.1968,normal,,3.23,3.17,3.2
2026-01-02 13:52:00,3.2043,normal,,3.23,3.17,3.2
2026-01-02 13:53:00,3.2,normal,,3.23,3.17,3.2
2026-01-02 13:54:00,3.2048,normal,,3.23,3.17,3.2
2026-01-02 13:55:00,3.2024,normal,,3.23,3.17,3.2
2026-01-02 13:56:00,3.2028,normal,,3.23,3.17,3.2
2026-01-02 13:57:00,3.1876,normal,,3.23,3.17,3.2
2026-01-02 13:58:00,3.2024,normal,,3.23,3.17,3.2
2026-01-02 13:59:00,3.1906,normal,,3.23,3.17,3.2
2026-01-02 14:00:00,3.1947,normal,,3.23,3.17,3.2
2026-01-02 14:01:00,3.196,normal,,3.23,3.17,3.2
2026-01-02 14:02:00,3.1947,normal,,3.23,3.17,3.2
2026-01-02 14:03:00,3.2056,normal,,3.23,3.17,3.2
2026-01-02 14:04:00,3.1917,normal,,3.23,3.17,3.2
2026-01-02 14:05:00,3.2018,normal,,3.23,3.17,3.2
2026-01-02 14:06:00,3.205,normal,,3.23,3.17,3.2
2026-01-02 14:07:00,3.1946,normal,,3.23,3.17,3.2
2026-01-02 14:08:00,3.2065,normal,,3.23,3.17,3.2
2026-01-02 14:09:00,3.1888,normal,,3.23,3.17,3.2
2026-01-02 14:10:00,3.1975,normal,,3.23,3.17,3.2
2026-01-02 14:11:00,3.1922,normal,,3.23,3.17,3.2
2026-01-02 14:12:00,3.2049,normal,,3.23,3.17,3.2
2026-01-02 14:13:00,3.1894,normal,,3.23,3.17,3.2
2026-01-02 14:14:00,3.1931,normal,,3.23,3.17,3.2
2026-01-02 14:15:00,3.2051,normal,,3.23,3.17,3.2
2026-01-02 14:16:00,3.2113,normal,,3.23,3.17,3.2
2026-01-02 14:17:00,3.208,normal,,3.23,3.17,3.2
2026-01-02 14:18:00,3.196,normal,,3.23,3.17,3.2
2026-01-02 14:19:00,3.198,normal,,3.23,3.17,3.2
2026-01-02 14:20:00,3.2036,normal,,3.23,3.17,3.2
2026-01-02 14:21:00,3.2009,normal,,3.23,3.17,3.2
2026-01-02 14:22:00,3.2033,normal,,3.23,3.17,3.2
2026-01-02 14:23:00,3.1936,normal,,3.23,3.17,3.2
2026-01-02 14:24:00,3.197,normal,,3.23,3.17,3.2
2026-01-02 14:25:00,3.204,normal,,3.23,3.17,3.2
2026-01-02 14:26:00,3.2003,normal,,3.23,3.17,3.2
2026-01-02 14:27:00,3.1991,normal,,3.23,3.17,3.2
2026-01-02 14:28:00,3.2011,normal,,3.23,3.17,3.2
2026-01-02 14:29:00,3.194,normal,,3.23,3.17,3.2
2026-01-02 14:30:00,3.184,normal,,3.23,3.17,3.2
2026-01-02 14:31:00,3.2007,normal,,3.23,3.17,3.2
2026-01-02 14:32:00,3.1895,normal,,3.23,3.17,3.2
2026-01-02 14:33:00,3.2025,normal,,3.23,3.17,3.2
2026-01-02 14:34:00,3.214,normal,,3.23,3.17,3.2
2026-01-02 14:35:00,3.1951,normal,,3.23,3.17,3.2
2026-01-02 14:36:00,3.2014,normal,,3.23,3.17,3.2
2026-01-02 14:37:00,3.2014,normal,,3.23,3.17,3.2
2026-01-02 14:38:00,3.1924,normal,,3.23,3.17,3.2
2026-01-02 14:39:00,3.1993,normal,,3.23,3.17,3.2
2026-01-02 14:40:00,3.1986,normal,,3.23,3.17,3.2
2026-01-02 14:41:00,3.2091,normal,,3.23,3.17,3.2
2026-01-02 14:42:00,3.1988,normal,,3.23,3.17,3.2
2026-01-02 14:43:00,3.2023,normal,,3.23,3.17,3.2
2026-01-02 14:44:00,3.2085,normal,,3.23,3.17,3.2
2026-01-02 14:45:00,3.198,normal,,3.23,3.17,3.2
2026-01-02 14:46:00,3.1935,normal,,3.23,3.17,3.2
2026-01-02 14:47:00,3.1976,normal,,3.23,3.17,3.2
2026-01-02 14:48:00,3.2093,normal,,3.23,3.17,3.2
2026-01-02 14:49:00,3.2011,normal,,3.23,3.17,3.2
2026-01-02 14:50:00,3.2016,normal,,3.23,3.17,3.2
2026-01-02 14:51:00,3.1915,normal,,3.23,3.17,3.2
2026-01-02 14:52:00,3.1971,normal,,3.23,3.17,3.2
2026-01-02 14:53:00,3.2027,normal,,3.23,3.17,3.2
2026-01-02 14:54:00,3.2055,normal,,3.23,3.17,3.2
2026-01-02 14:55:00,3.2083,normal,,3.23,3.17,3.2
2026-01-02 14:56:00,3.1973,normal,,3.23,3.17,3.2
2026-01-02 14:57:00,3.2043,normal,,3.23,3.17,3.2
2026-01-02 14:58:00,3.2075,normal,,3.23,3.17,3.2
2026-01-02 14:59:00,3.2023,normal,,3.23,3.17,3.2
2026-01-02 15:00:00,3.2082,normal,,3.23,3.17,3.2
2026-01-02 15:01:00,3.196,normal,,3.23,3.17,3.2
2026-01-02 15:02:00,3.1951,normal,,3.23,3.17,3.2
2026-01-02 15:03:00,3.2059,normal,,3.23,3.17,3.2
2026-01-02 15:04:00,3.2011,normal,,3.23,3.17,3.2
2026-01-02 15:05:00,3.2003,normal,,3.23,3.17,3.2
2026-01-02 15:06:00,3.1945,normal,,3.23,3.17,3.2
2026-01-02 15:07:00,3.2006,normal,,3.23,3.17,3.2
2026-01-02 15:08:00,3.1996,normal,,3.23,3.17,3.2
2026-01-02 15:09:00,3.1973,normal,,3.23,3.17,3.2
2026-01-02 15:10:00,3.204,normal,,3.23,3.17,3.2
2026-01-02 15:11:00,3.1977,normal,,3.23,3.17,3.2
2026-01-02 15:12:00,3.2018,normal,,3.23,3.17,3.2
2026-01-02 15:13:00,3.2037,normal,,3.23,3.17,3.2
2026-01-02 15:14:00,3.2033,normal,,3.23,3.17,3.2
2026-01-02 15:15:00,3.1966,normal,,3.23,3.17,3.2
2026-01-02 15:16:00,3.203,normal,,3.23,3.17,3.2
2026-01-02 15:17:00,3.1993,normal,,3.23,3.17,3.2
2026-01-02 15:18:00,3.2016,normal,,3.23,3.17,3.2
2026-01-02 15:19:00,3.1994,normal,,3.23,3.17,3.2
2026-01-02 15:20:00,3.2002,normal,,3.23,3.17,3.2
2026-01-02 15:21:00,3.2005,normal,,3.23,3.17,3.2
2026-01-02 15:22:00,3.2076,normal,,3.23,3.17,3.2
2026-01-02 15:23:00,3.209,normal,,3.23,3.17,3.2
2026-01-02 15:24:00,3.1967,normal,,3.23,3.17,3.2
2026-01-02 15:25:00,3.2033,normal,,3.23,3.17,3.2
2026-01-02 15:26:00,3.2061,normal,,3.23,3.17,3.2
2026-01-02 15:27:00,3.1877,normal,,3.23,3.17,3.2
2026-01-02 15:28:00,3.2019,normal,,3.23,3.17,3.2
2026-01-02 15:29:00,3.2003,normal,,3.23,3.17,3.2
2026-01-02 15:30:00,3.2001,normal,,3.23,3.17,3.2
2026-01-02 15:31:00,3.1963,normal,,3.23,3.17,3.2
2026-01-02 15:32:00,3.1921,normal,,3.23,3.17,3.2
2026-01-02 15:33:00,3.202,normal,,3.23,3.17,3.2
2026-01-02 15:34:00,3.1993,normal,,3.23,3.17,3.2
2026-01-02 15:35:00,3.204,normal,,3.23,3.17,3.2
2026-01-02 15:36:00,3.199,normal,,3.23,3.17,3.2
2026-01-02 15:37:00,3.2046,normal,,3.23,3.17,3.2
2026-01-02 15:38:00,3.1939,normal,,3.23,3.17,3.2
2026-01-02 15:39:00,3.2148,normal,,3.23,3.17,3.2
2026-01-02 15:40:00,3.1894,anomaly,sudden_shift,3.23,3.17,3.2
2026-01-02 15:41:00,3.1867,anomaly,sudden_shift,3.23,3.17,3.2
2026-01-02 15:42:00,3.1948,anomaly,sudden_shift,3.23,3.17,3.2
2026-01-02 15:43:00,3.1893,anomaly,sudden_shift,3.23,3.17,3.2
2026-01-02 15:44:00,3.1939,anomaly,sudden_shift,3.23,3.17,3.2
2026-01-02 15:45:00,3.1906,anomaly,sudden_shift,3.23,3.17,3.2
2026-01-02 15:46:00,3.1821,anomaly,sudden_shift,3.23,3.17,3.2
2026-01-02 15:47:00,3.1783,anomaly,sudden_shift,3.23,3.17,3.2
2026-01-02 15:48:00,3.2058,anomaly,gradual_drift,3.23,3.17,3.2
2026-01-02 15:49:00,3.2004,anomaly,gradual_drift,3.23,3.17,3.2
2026-01-02 15:50:00,3.1991,anomaly,gradual_drift,3.23,3.17,3.2
2026-01-02 15:51:00,3.2096,anomaly,gradual_drift,3.23,3.17,3.2
2026-01-02 15:52:00,3.1984,anomaly,gradual_drift,3.23,3.17,3.2
2026-01-02 15:53:00,3.1973,anomaly,gradual_drift,3.23,3.17,3.2
2026-01-02 15:54:00,3.2021,anomaly,gradual_drift,3.23,3.17,3.2
2026-01-02 15:55:00,3.203,anomaly,gradual_drift,3.23,3.17,3.2
2026-01-02 15:56:00,3.1929,anomaly,gradual_drift,3.23,3.17,3.2
2026-01-02 15:57:00,3.2118,anomaly,gradual_drift,3.23,3.17,3.2
2026-01-02 15:58:00,3.2015,anomaly,gradual_drift,3.23,3.17,3.2
2026-01-02 15:59:00,3.1822,anomaly,gradual_drift,3.23,3.17,3.2
2026-01-02 16:00:00,3.2003,anomaly,gradual_drift,3.23,3.17,3.2
2026-01-02 16:01:00,3.2022,anomaly,gradual_drift,3.23,3.17,3.2
2026-01-02 16:02:00,3.1991,anomaly,gradual_drift,3.23,3.17,3.2
2026-01-02 16:03:00,3.2009,anomaly,gradual_drift,3.23,3.17,3.2
2026-01-02 16:04:00,3.1941,anomaly,gradual_drift,3.23,3.17,3.2
2026-01-02 16:05:00,3.2024,anomaly,gradual_drift,3.23,3.17,3.2
2026-01-02 16:06:00,3.2028,anomaly,gradual_drift,3.23,3.17,3.2
2026-01-02 16:07:00,3.2103,anomaly,gradual_drift,3.23,3.17,3.2
2026-01-02 16:08:00,3.1983,anomaly,gradual_drift,3.23,3.17,3.2
2026-01-02 16:09:00,3.212,anomaly,gradual_drift,3.23,3.17,3.2
2026-01-02 16:10:00,3.2044,anomaly,gradual_drift,3.23,3.17,3.2
2026-01-02 16:11:00,3.2059,anomaly,gradual_drift,3.23,3.17,3.2
2026-01-02 16:12:00,3.1961,anomaly,gradual_drift,3.23,3.17,3.2
2026-01-02 16:13:00,3.2061,anomaly,gradual_drift,3.23,3.17,3.2
2026-01-02 16:14:00,3.1938,anomaly,gradual_drift,3.23,3.17,3.2
2026-01-02 16:15:00,3.1963,anomaly,gradual_drift,3.23,3.17,3.2
2026-01-02 16:16:00,3.2111,anomaly,gradual_drift,3.23,3.17,3.2
2026-01-02 16:17:00,3.212,anomaly,gradual_drift,3.23,3.17,3.2
2026-01-02 16:18:00,3.202,anomaly,gradual_drift,3.23,3.17,3.2
2026-01-02 16:19:00,3.2097,anomaly,gradual_drift,3.23,3.17,3.2
2026-01-02 16:20:00,3.206,anomaly,gradual_drift,3.23,3.17,3.2
2026-01-02 16:21:00,3.2043,anomaly,gradual_drift,3.23,3.17,3.2
2026-01-02 16:22:00,3.198,anomaly,gradual_drift,3.23,3.17,3.2
2026-01-02 16:23:00,3.2061,anomaly,gradual_drift,3.23,3.17,3.2
2026-01-02 16:24:00,3.2079,anomaly,gradual_drift,3.23,3.17,3.2
2026-01-02 16:25:00,3.1983,anomaly,gradual_drift,3.23,3.17,3.2
2026-01-02 16:26:00,3.2184,anomaly,gradual_drift,3.23,3.17,3.2
2026-01-02 16:27:00,3.2106,anomaly,gradual_drift,3.23,3.17,3.2
2026-01-02 16:28:00,3.2061,anomaly,gradual_drift,3.23,3.17,3.2
2026-01-02 16:29:00,3.208,anomaly,gradual_drift,3.23,3.17,3.2
2026-01-02 16:30:00,3.2008,normal,,3.23,3.17,3.2
2026-01-02 16:31:00,3.1964,normal,,3.23,3.17,3.2
2026-01-02 16:32:00,3.1961,normal,,3.23,3.17,3.2
2026-01-02 16:33:00,3.2061,normal,,3.23,3.17,3.2
2026-01-02 16:34:00,3.1934,normal,,3.23,3.17,3.2
2026-01-02 16:35:00,3.1924,normal,,3.23,3.17,3.2
2026-01-02 16:36:00,3.2033,normal,,3.23,3.17,3.2
2026-01-02 16:37:00,3.1997,normal,,3.23,3.17,3.2
2026-01-02 16:38:00,3.199,normal,,3.23,3.17,3.2
2026-01-02 16:39:00,3.2022,normal,,3.23,3.17,3.2
2026-01-02 16:40:00,3.2156,normal,,3.23,3.17,3.2
2026-01-02 16:41:00,3.1955,normal,,3.23,3.17,3.2
2026-01-02 16:42:00,3.1889,normal,,3.23,3.17,3.2
2026-01-02 16:43:00,3.1987,normal,,3.23,3.17,3.2
2026-01-02 16:44:00,3.1956,normal,,3.23,3.17,3.2
2026-01-02 16:45:00,3.1954,normal,,3.23,3.17,3.2
2026-01-02 16:46:00,3.2048,normal,,3.23,3.17,3.2
2026-01-02 16:47:00,3.2026,normal,,3.23,3.17,3.2
2026-01-02 16:48:00,3.2062,normal,,3.23,3.17,3.2
2026-01-02 16:49:00,3.1998,normal,,3.23,3.17,3.2
2026-01-02 16:50:00,3.1971,normal,,3.23,3.17,3.2
2026-01-02 16:51:00,3.2065,normal,,3.23,3.17,3.2
2026-01-02 16:52:00,3.1911,normal,,3.23,3.17,3.2
2026-01-02 16:53:00,3.1945,normal,,3.23,3.17,3.2
2026-01-02 16:54:00,3.2023,normal,,3.23,3.17,3.2
2026-01-02 16:55:00,3.1948,normal,,3.23,3.17,3.2
2026-01-02 16:56:00,3.1969,normal,,3.23,3.17,3.2
2026-01-02 16:57:00,3.1969,normal,,3.23,3.17,3.2
2026-01-02 16:58:00,3.1948,normal,,3.23,3.17,3.2
2026-01-02 16:59:00,3.1948,normal,,3.23,3.17,3.2
2026-01-02 17:00:00,3.2013,normal,,3.23,3.17,3.2
2026-01-02 17:01:00,3.1912,normal,,3.23,3.17,3.2
2026-01-02 17:02:00,3.1966,normal,,3.23,3.17,3.2
2026-01-02 17:03:00,3.193,normal,,3.23,3.17,3.2
2026-01-02 17:04:00,3.198,normal,,3.23,3.17,3.2
2026-01-02 17:05:00,3.2013,normal,,3.23,3.17,3.2
2026-01-02 17:06:00,3.1956,normal,,3.23,3.17,3.2
2026-01-02 17:07:00,3.2039,normal,,3.23,3.17,3.2
2026-01-02 17:08:00,3.1965,normal,,3.23,3.17,3.2
2026-01-02 17:09:00,3.2027,normal,,3.23,3.17,3.2
2026-01-02 17:10:00,3.1949,normal,,3.23,3.17,3.2
2026-01-02 17:11:00,3.1952,normal,,3.23,3.17,3.2
2026-01-02 17:12:00,3.2025,normal,,3.23,3.17,3.2
2026-01-02 17:13:00,3.1944,normal,,3.23,3.17,3.2
2026-01-02 17:14:00,3.2024,normal,,3.23,3.17,3.2
2026-01-02 17:15:00,3.2016,normal,,3.23,3.17,3.2
2026-01-02 17:16:00,3.1928,normal,,3.23,3.17,3.2
2026-01-02 17:17:00,3.2035,normal,,3.23,3.17,3.2
2026-01-02 17:18:00,3.1978,normal,,3.23,3.17,3.2
2026-01-02 17:19:00,3.2017,normal,,3.23,3.17,3.2
